iso3,relevant_studies,active_trials,recent_trials,location_rows,geocoded_rows,unique_facilities,repeat_facilities,sponsor_diversity,active_sponsor_count,country_name,region,population_2023,year,obesity_prevalence_pct,obese_population_proxy,active_trials_per_10m_proxy,location_completeness,indicator_recency,evidence_depth,screen_pass,screen_exclusion_reason,opportunity_score,infrastructure_score,competitive_headroom_score,data_confidence_score,attractiveness_score,rank
USA,68,46,61,2741,2741,1659,470,11,10,United States,North America,336755052.0,2022.0,40.434778,136166157.67998457,3.378225601996381,1.0,0.2,1.0,True,PASSED,100.0,97.47221736309213,50.45780072472771,84.00000000000001,84.45611539010957,1
CHN,46,30,43,638,615,472,71,21,15,China,East Asia & Pacific,1410710000.0,2022.0,8.2295865,116095599.71415,2.584077266827154,0.9639498432601881,0.2,0.9093176086925753,True,PASSED,96.87318576166308,79.59103602315024,48.33995431528591,79.2038592509486,76.90483400190776,2
IND,18,14,15,229,220,176,36,3,3,India,South Asia,1438069596.0,2022.0,7.2447151,104184045.169921,1.3437758130015425,0.9606986899563319,0.2,0.6954097578720472,True,PASSED,94.75046407652893,55.91202455531459,71.38335094833373,71.57078257355658,73.78020171266996,3
BRA,17,11,13,234,234,156,43,5,3,Brazil,Latin America & Caribbean,211140729.0,2022.0,28.159052,59455227.67228907,1.8501316756586714,1.0,0.2,0.6826403055185054,True,PASSED,83.75134185074023,56.97522016800976,68.83048366865987,72.8924106931477,70.35945112676212,4
MEX,17,10,13,222,219,149,54,5,4,Mexico,Latin America & Caribbean,129739759.0,2022.0,36.054844,46777467.713425964,2.13778139108839,0.9864864864864865,0.2,0.6826403055185054,True,PASSED,79.04878531417026,57.50627646238634,64.7587164349039,72.28430258503958,67.99884302944889,5
RUS,5,0,2,84,83,78,5,2,0,Russian Federation,Europe & Central Asia,143826130.0,2022.0,18.134482,26082123.656146597,0.0,0.9880952380952381,0.2,0.42317298048186053,True,PASSED,67.59443116576165,33.332612838285634,100.0,63.27534003115084,64.7694142058868,6
GBR,25,17,22,296,290,214,48,7,6,United Kingdom,Europe & Central Asia,68526000.0,2022.0,26.993641,18497662.43166,9.190350436335864,0.9797297297297297,0.2,0.7694885649390122,True,PASSED,60.85682523812669,63.54472726900112,45.13773206579516,75.01993761070327,59.85788941019263,7
DEU,34,26,31,372,366,226,60,7,6,Germany,Europe & Central Asia,83287273.0,2022.0,20.587164,17146487.48363772,15.163455503531479,0.9838709677419355,0.2,0.8396926382529888,True,PASSED,59.36949778395029,66.77744584105837,39.11699850743262,77.6634358872417,59.272848097447,8
ZAF,8,3,6,90,87,71,15,2,2,South Africa,Sub-Saharan Africa,63212384.0,2022.0,31.133828,19680434.90925952,1.5243565570741116,0.9666666666666667,0.2,0.5189346500732899,True,PASSED,62.07217436031929,39.13939478972932,74.0462199644699,65.66271275256514,58.72443264901683,9
TUR,12,11,11,153,123,126,26,4,4,Turkiye,Europe & Central Asia,85325965.0,2022.0,29.095364,24825900.1032626,4.430856466128448,0.803921568627451,0.2,0.6057829094937964,True,PASSED,66.62650106798446,50.41057238130434,57.599002608757175,61.378872420518185,58.717703550053656,10
ARG,27,21,24,353,271,231,64,5,5,Argentina,Latin America & Caribbean,45538401.0,2022.0,35.26631,16059713.6657031,13.076198266751982,0.7677053824362606,0.2,0.7869911884732236,True,PASSED,58.08554153912813,64.59164191994881,42.86750869213279,66.09143380619456,57.43374728168546,11
CAN,36,22,32,372,364,246,71,6,5,Canada,North America,40049088.0,2022.0,25.79084,10328996.207539199,21.29926234646312,0.978494623655914,0.2,0.8528169777315717,True,PASSED,49.43114324236924,67.94327153579655,36.86300224707792,77.88085228512114,56.11020283798739,12
POL,34,25,32,387,385,284,68,6,6,Poland,Europe & Central Asia,36687353.0,2022.0,21.759084,7982831.956646521,31.31720689571193,0.9948320413436692,0.2,0.8396926382529888,True,PASSED,44.37877188511276,68.59347910408236,30.074419353589683,78.15668419931971,53.133782765053915,13
ESP,35,23,29,313,312,194,75,9,6,Spain,Europe & Central Asia,48352528.0,2022.0,16.103056,7786234.661255679,29.539310078140918,0.9968051118210862,0.2,0.8463459609637211,True,PASSED,43.889816602115175,67.53039402941843,30.81293058498448,78.47833866567913,52.901046635558075,14
FRA,18,12,15,146,146,102,33,4,3,France,Europe & Central Asia,68372286.0,2022.0,11.491171,7856776.30086906,15.273439818660291,1.0,0.2,0.6954097578720472,True,PASSED,44.0666658563552,52.04395717156957,46.09284696832775,73.33934152552165,51.357299879287616,15
THA,4,1,3,28,28,23,5,1,1,Thailand,East Asia & Pacific,71702435.0,2022.0,14.906758,10688508.4655573,0.9355842334993743,1.0,0.2,0.38011276067019645,True,PASSED,50.102031229792544,20.675112154089348,82.6307767072407,62.30394662345689,51.23642918549327,16
AUS,24,19,23,202,201,132,55,5,5,Australia,East Asia & Pacific,26659922.0,2022.0,29.7975,7943990.2579499995,23.917451284618114,0.995049504950495,0.2,0.7602255213403929,True,PASSED,44.283130681375006,58.68505490200646,35.41411048211269,75.38512096968604,51.05175144099551,17
ITA,14,12,12,146,144,120,22,4,4,Italy,Europe & Central Asia,58984216.0,2022.0,14.357004,8468366.25048864,14.170383808456062,0.9863013698630136,0.2,0.6395800857068414,True,PASSED,45.536545404353966,50.2738268620053,44.192039398007076,70.76886464357507,50.4064512259458,18
JPN,29,20,25,383,247,285,56,5,5,Japan,East Asia & Pacific,124516650.0,2022.0,5.4727148,6814441.133014201,29.349435426340666,0.6449086161879896,0.2,0.8032857411520571,True,PASSED,41.275737834363184,66.22014624603236,32.840262767182914,61.135888668781526,49.62921421623161,19
COL,3,1,2,17,15,17,0,2,1,Colombia,Latin America & Caribbean,52321152.0,2022.0,23.770167,12436825.20672384,0.8040637247674434,0.8823529411764706,0.2,0.32741131089043124,True,PASSED,53.07258004705857,11.2976177134649,83.54916622329407,55.165278234106275,48.47314261909649,20
UKR,3,1,1,37,37,37,0,2,1,Ukraine,Europe & Central Asia,37732836.0,2022.0,22.80121,8603543.1753156,1.1623118285372205,1.0,0.2,0.32741131089043124,True,PASSED,45.84707617006036,17.44622290789188,81.18509666153896,60.4593958811651,48.35317327094518,21
ROU,11,8,10,155,153,118,29,4,4,Romania,Europe & Central Asia,19061062.0,2022.0,30.684757,5848840.55631934,13.677924578327673,0.9870967741935484,0.2,0.5868786359270762,True,PASSED,38.279542189207355,49.79258133755559,44.62273950092367,68.96010709615736,47.9213379976834,22
MYS,3,1,2,29,25,22,7,1,1,Malaysia,East Asia & Pacific,35126298.0,2022.0,22.010197,7731367.388607061,1.2934322607325575,0.8620689655172413,0.2,0.32741131089043124,True,PASSED,43.75115198375514,20.07007906255588,80.41674409419527,54.252499329440965,47.38843023685827,23
SAU,2,1,2,10,8,10,0,2,1,Saudi Arabia,"Middle East, North Africa, Afghanistan & Pakistan",33702731.0,2022.0,39.549473,13329252.49710763,0.750229617314995,0.8,0.2,0.25946732503664494,True,PASSED,54.43143592119516,5.410172062143357,83.94455329843909,49.08135637628258,46.30082417605371,24
HUN,15,8,13,148,146,118,22,3,3,Hungary,Europe & Central Asia,9592186.0,2022.0,30.384585,2914545.9085281002,27.44852972324649,0.9864864864864865,0.2,0.6548226217808625,True,PASSED,24.621624106268815,49.617761859061495,38.8028638712853,71.31068365422209,42.669134305553726,25
CHL,2,2,2,17,16,17,0,2,2,Chile,Latin America & Caribbean,19658835.0,2022.0,38.608992,7590078.0324432,2.6350190227968078,0.9411764705882353,0.2,0.25946732503664494,True,PASSED,43.38949479146894,9.462614663608973,69.2873351207148,55.434297552753165,41.49261124961505,26
KOR,12,8,10,88,80,71,11,4,4,"Korea, Rep.",East Asia & Pacific,51712619.0,2022.0,7.3913254,3822247.943152226,20.930091712999555,0.9090909090909091,0.2,0.6057829094937964,True,PASSED,29.937980417502665,42.4467486827375,39.38243042604217,66.11149274137378,41.47775024778866,27
CZE,22,19,21,218,205,159,38,5,5,Czechia,Europe & Central Asia,10864042.0,2022.0,25.573215,2778284.8183503,68.38751691153784,0.9403669724770642,0.2,0.740532674963355,True,PASSED,23.682762588851386,58.204535659261644,22.04773270798362,72.23515738518532,40.913396259207616,28
GRC,15,11,13,123,121,75,25,4,3,Greece,Europe & Central Asia,10407351.0,2022.0,26.966581,2806506.73736931,39.19463243587611,0.983739837398374,0.2,0.6548226217808625,True,PASSED,23.880941874449004,47.35666351292201,34.29183902823376,71.18708444525701,40.622304040058296,29
NLD,12,8,9,118,118,83,24,4,3,Netherlands,Europe & Central Asia,17877117.0,2022.0,14.481732,2588916.1732664397,30.900961887485092,1.0,0.2,0.6057829094937964,True,PASSED,22.298509490683312,46.696468338558326,37.30796785072865,70.20240183228287,40.55584558629708,30
ISR,7,4,5,70,70,45,16,2,1,Israel,"Middle East, North Africa, Afghanistan & Pakistan",9849000.0,2022.0,22.340062,2200272.70638,18.179564689419806,1.0,0.2,0.49111696633564683,True,PASSED,19.109025499270633,34.9476910724125,52.698368006357136,66.18909382174765,39.31997104635637,31
BEL,13,11,11,100,97,68,20,3,3,Belgium,Europe & Central Asia,11779946.0,2022.0,20.214818,2381294.64439828,46.19335967464684,0.97,0.2,0.6232855330280079,True,PASSED,20.659334386263158,43.911726346238,32.19684187096727,69.46499365598028,37.84027773588921,32
PRT,7,3,5,48,44,46,2,2,2,Portugal,Europe & Central Asia,10578174.0,2022.0,18.28673,1934402.1183102,15.508667880392183,0.9166666666666666,0.2,0.49111696633564683,True,PASSED,16.583780478275443,28.079001044680552,49.537122094076224,62.43909382174764,35.148979053668,33
SWE,4,1,2,20,20,20,0,2,1,Sweden,Europe & Central Asia,10536632.0,2022.0,16.977419,1788848.16312808,5.59018937779126,1.0,0.2,0.38011276067019645,True,PASSED,15.04987683481238,13.989416778688978,66.64063239209548,62.30394662345689,34.71753817559281,34
BGR,16,12,14,147,143,124,23,5,5,Bulgaria,Europe & Central Asia,6446596.0,2022.0,19.939533,1285421.13679668,93.35461862642521,0.9727891156462585,0.2,0.6691407835348502,True,PASSED,8.569544015936408,52.27302358642169,18.036361895801114,71.19543762780138,33.44117639882791,35
SVK,11,8,11,100,99,83,15,4,4,Slovak Republic,Europe & Central Asia,5426740.0,2022.0,25.13428,1363972.026472,58.65222925936764,0.99,0.2,0.5868786359270762,True,PASSED,9.732616592800136,44.37316627558758,26.322325657828326,69.09075225744768,33.17592911359055,36
AUT,7,6,6,49,48,31,9,3,3,Austria,Europe & Central Asia,9131761.0,2022.0,16.025788,1463436.65852668,40.99938295956397,0.9795918367346939,0.2,0.49111696633564683,True,PASSED,11.112791662082405,31.005854221143835,33.7186052237093,65.27072647480887,30.855854042116526,37
FIN,6,2,4,24,22,20,3,2,2,Finland,Europe & Central Asia,5583911.0,2022.0,23.241536,1297786.68527296,15.410853129374997,0.9166666666666666,0.2,0.4595798775827923,True,PASSED,8.757273359902177,21.766526679214373,49.61468197443002,61.335295715397734,30.761104862652125,38
NOR,4,1,3,18,16,14,4,1,1,Norway,Europe & Central Asia,5519601.0,2022.0,19.536772,1078351.86267972,9.273410976589641,0.8888888888888888,0.2,0.38011276067019645,True,PASSED,5.125257271418254,16.067032456452708,60.84613867847407,57.30394662345688,30.164813581498336,39
NZL,3,3,3,21,20,19,2,2,2,New Zealand,East Asia & Pacific,5200000.0,2022.0,33.289009,1731028.468,17.33073750928052,0.9523809523809523,0.2,0.32741131089043124,True,PASSED,14.40561512655402,16.626976705099224,48.170728959489594,58.316538738307955,30.099940600114564,40
SRB,2,1,1,10,10,8,2,1,1,Serbia,Europe & Central Asia,6623183.0,2022.0,21.160403,1401492.21422749,7.135251911129634,1.0,0.2,0.25946732503664494,True,PASSED,10.264722935351353,6.5303703520994,63.89169943771924,58.08135637628258,29.723656302107422,41
PRI,25,17,22,52,52,29,11,5,5,Puerto Rico (US),Latin America & Caribbean,3203794.0,2022.0,41.121516,1317448.66231704,129.03728612924886,1.0,0.2,0.7694885649390122,True,PASSED,9.052122185401714,40.42441122391962,13.850001885373675,75.93209977286544,29.695275460069634,42
DNK,21,12,18,85,84,58,18,5,4,Denmark,Europe & Central Asia,5946952.0,2022.0,13.962093,830318.96890536,144.52277316776275,0.9882352941176471,0.2,0.7300341760421377,True,PASSED,0.0,46.790787893063715,14.68312916973558,74.02178439676894,28.81128631986835,43
CHE,3,1,2,16,16,16,0,2,1,Switzerland,Europe & Central Asia,8888822.0,2022.0,11.026175,980097.0691585,10.203071016818654,1.0,0.2,0.32741131089043124,True,PASSED,3.2519089816649425,10.827278116984044,59.71551648048718,60.4593958811651,28.221544631891256,44
SGP,2,1,1,7,7,6,1,2,1,Singapore,East Asia & Pacific,5917648.0,2022.0,15.206718,899880.04359264,11.112592251825541,1.0,0.2,0.25946732503664494,True,PASSED,1.5775350682925227,4.506368284799043,58.696759706963086,58.08135637628258,25.211564389110627,45
