iso3,relevant_studies,active_trials,recent_trials,location_rows,geocoded_rows,unique_facilities,repeat_facilities,sponsor_diversity,active_sponsor_count,country_name,region,population_2023,year,obesity_prevalence_pct,obese_population_proxy,active_trials_per_10m_proxy,location_completeness,indicator_recency,evidence_depth,screen_pass,screen_exclusion_reason
ARG,27,21,24,353,271,231,64,5,5,Argentina,Latin America & Caribbean,45538401.0,2022.0,35.26631,16059713.6657031,13.076198266751982,0.7677053824362606,0.2,0.7869911884732236,True,PASSED
AUS,24,19,23,202,201,132,55,5,5,Australia,East Asia & Pacific,26659922.0,2022.0,29.7975,7943990.2579499995,23.917451284618114,0.995049504950495,0.2,0.7602255213403929,True,PASSED
AUT,7,6,6,49,48,31,9,3,3,Austria,Europe & Central Asia,9131761.0,2022.0,16.025788,1463436.65852668,40.99938295956397,0.9795918367346939,0.2,0.49111696633564683,True,PASSED
BEL,13,11,11,100,97,68,20,3,3,Belgium,Europe & Central Asia,11779946.0,2022.0,20.214818,2381294.64439828,46.19335967464684,0.97,0.2,0.6232855330280079,True,PASSED
BGD,2,2,2,2,2,2,0,2,2,Bangladesh,South Asia,171466990.0,2022.0,5.116006,8772261.496419398,2.279913795110128,1.0,0.2,0.25946732503664494,False,INSUFFICIENT_FACILITY_EVIDENCE
BGR,16,12,14,147,143,124,23,5,5,Bulgaria,Europe & Central Asia,6446596.0,2022.0,19.939533,1285421.13679668,93.35461862642521,0.9727891156462585,0.2,0.6691407835348502,True,PASSED
BRA,17,11,13,234,234,156,43,5,3,Brazil,Latin America & Caribbean,211140729.0,2022.0,28.159052,59455227.67228907,1.8501316756586714,1.0,0.2,0.6826403055185054,True,PASSED
CAN,36,22,32,372,364,246,71,6,5,Canada,North America,40049088.0,2022.0,25.79084,10328996.207539199,21.29926234646312,0.978494623655914,0.2,0.8528169777315717,True,PASSED
CHE,3,1,2,16,16,16,0,2,1,Switzerland,Europe & Central Asia,8888822.0,2022.0,11.026175,980097.0691585,10.203071016818654,1.0,0.2,0.32741131089043124,True,PASSED
CHL,2,2,2,17,16,17,0,2,2,Chile,Latin America & Caribbean,19658835.0,2022.0,38.608992,7590078.0324432,2.6350190227968078,0.9411764705882353,0.2,0.25946732503664494,True,PASSED
CHN,46,30,43,638,615,472,71,21,15,China,East Asia & Pacific,1410710000.0,2022.0,8.2295865,116095599.71415,2.584077266827154,0.9639498432601881,0.2,0.9093176086925753,True,PASSED
COL,3,1,2,17,15,17,0,2,1,Colombia,Latin America & Caribbean,52321152.0,2022.0,23.770167,12436825.20672384,0.8040637247674434,0.8823529411764706,0.2,0.32741131089043124,True,PASSED
CZE,22,19,21,218,205,159,38,5,5,Czechia,Europe & Central Asia,10864042.0,2022.0,25.573215,2778284.8183503,68.38751691153784,0.9403669724770642,0.2,0.740532674963355,True,PASSED
DEU,34,26,31,372,366,226,60,7,6,Germany,Europe & Central Asia,83287273.0,2022.0,20.587164,17146487.48363772,15.163455503531479,0.9838709677419355,0.2,0.8396926382529888,True,PASSED
DNK,21,12,18,85,84,58,18,5,4,Denmark,Europe & Central Asia,5946952.0,2022.0,13.962093,830318.96890536,144.52277316776275,0.9882352941176471,0.2,0.7300341760421377,True,PASSED
DZA,1,0,0,5,5,5,0,1,0,Algeria,"Middle East, North Africa, Afghanistan & Pakistan",46164219.0,2022.0,22.852418,10549640.29231542,0.0,1.0,0.2,0.16370565544521562,False,INSUFFICIENT_STUDY_EVIDENCE
ESP,35,23,29,313,312,194,75,9,6,Spain,Europe & Central Asia,48352528.0,2022.0,16.103056,7786234.661255679,29.539310078140918,0.9968051118210862,0.2,0.8463459609637211,True,PASSED
FIN,6,2,4,24,22,20,3,2,2,Finland,Europe & Central Asia,5583911.0,2022.0,23.241536,1297786.68527296,15.410853129374997,0.9166666666666666,0.2,0.4595798775827923,True,PASSED
FRA,18,12,15,146,146,102,33,4,3,France,Europe & Central Asia,68372286.0,2022.0,11.491171,7856776.30086906,15.273439818660291,1.0,0.2,0.6954097578720472,True,PASSED
GBR,25,17,22,296,290,214,48,7,6,United Kingdom,Europe & Central Asia,68526000.0,2022.0,26.993641,18497662.43166,9.190350436335864,0.9797297297297297,0.2,0.7694885649390122,True,PASSED
GRC,15,11,13,123,121,75,25,4,3,Greece,Europe & Central Asia,10407351.0,2022.0,26.966581,2806506.73736931,39.19463243587611,0.983739837398374,0.2,0.6548226217808625,True,PASSED
HKG,2,1,1,3,1,3,0,2,1,"Hong Kong SAR, China",East Asia & Pacific,7536100.0,,,,,0.3333333333333333,,0.25946732503664494,False,MISSING_OBESITY_PREVALENCE
HRV,1,0,0,7,7,7,0,1,0,Croatia,Europe & Central Asia,3859686.0,2022.0,29.460567,1137085.38001962,0.0,1.0,0.2,0.16370565544521562,False,INSUFFICIENT_STUDY_EVIDENCE
HUN,15,8,13,148,146,118,22,3,3,Hungary,Europe & Central Asia,9592186.0,2022.0,30.384585,2914545.9085281002,27.44852972324649,0.9864864864864865,0.2,0.6548226217808625,True,PASSED
IND,18,14,15,229,220,176,36,3,3,India,South Asia,1438069596.0,2022.0,7.2447151,104184045.169921,1.3437758130015425,0.9606986899563319,0.2,0.6954097578720472,True,PASSED
IRL,1,0,0,6,6,6,0,1,0,Ireland,Europe & Central Asia,5311538.0,2022.0,27.405554,1455656.41482052,0.0,1.0,0.2,0.16370565544521562,False,INSUFFICIENT_STUDY_EVIDENCE
ISR,7,4,5,70,70,45,16,2,1,Israel,"Middle East, North Africa, Afghanistan & Pakistan",9849000.0,2022.0,22.340062,2200272.70638,18.179564689419806,1.0,0.2,0.49111696633564683,True,PASSED
ITA,14,12,12,146,144,120,22,4,4,Italy,Europe & Central Asia,58984216.0,2022.0,14.357004,8468366.25048864,14.170383808456062,0.9863013698630136,0.2,0.6395800857068414,True,PASSED
JPN,29,20,25,383,247,285,56,5,5,Japan,East Asia & Pacific,124516650.0,2022.0,5.4727148,6814441.133014201,29.349435426340666,0.6449086161879896,0.2,0.8032857411520571,True,PASSED
KOR,12,8,10,88,80,71,11,4,4,"Korea, Rep.",East Asia & Pacific,51712619.0,2022.0,7.3913254,3822247.943152226,20.930091712999555,0.9090909090909091,0.2,0.6057829094937964,True,PASSED
LVA,1,0,0,8,8,8,0,1,0,Latvia,Europe & Central Asia,1883710.0,2022.0,22.225817,418669.9374107,0.0,1.0,0.2,0.16370565544521562,False,INSUFFICIENT_STUDY_EVIDENCE
MEX,17,10,13,222,219,149,54,5,4,Mexico,Latin America & Caribbean,129739759.0,2022.0,36.054844,46777467.713425964,2.13778139108839,0.9864864864864865,0.2,0.6826403055185054,True,PASSED
MYS,3,1,2,29,25,22,7,1,1,Malaysia,East Asia & Pacific,35126298.0,2022.0,22.010197,7731367.388607061,1.2934322607325575,0.8620689655172413,0.2,0.32741131089043124,True,PASSED
NGA,1,1,1,2,2,2,0,1,1,Nigeria,Sub-Saharan Africa,227882945.0,2022.0,12.660767,28851728.69918815,0.34659968226726695,1.0,0.2,0.16370565544521562,False,INSUFFICIENT_STUDY_EVIDENCE
NLD,12,8,9,118,118,83,24,4,3,Netherlands,Europe & Central Asia,17877117.0,2022.0,14.481732,2588916.1732664397,30.900961887485092,1.0,0.2,0.6057829094937964,True,PASSED
NOR,4,1,3,18,16,14,4,1,1,Norway,Europe & Central Asia,5519601.0,2022.0,19.536772,1078351.86267972,9.273410976589641,0.8888888888888888,0.2,0.38011276067019645,True,PASSED
NZL,3,3,3,21,20,19,2,2,2,New Zealand,East Asia & Pacific,5200000.0,2022.0,33.289009,1731028.468,17.33073750928052,0.9523809523809523,0.2,0.32741131089043124,True,PASSED
POL,34,25,32,387,385,284,68,6,6,Poland,Europe & Central Asia,36687353.0,2022.0,21.759084,7982831.956646521,31.31720689571193,0.9948320413436692,0.2,0.8396926382529888,True,PASSED
PRI,25,17,22,52,52,29,11,5,5,Puerto Rico (US),Latin America & Caribbean,3203794.0,2022.0,41.121516,1317448.66231704,129.03728612924886,1.0,0.2,0.7694885649390122,True,PASSED
PRT,7,3,5,48,44,46,2,2,2,Portugal,Europe & Central Asia,10578174.0,2022.0,18.28673,1934402.1183102,15.508667880392183,0.9166666666666666,0.2,0.49111696633564683,True,PASSED
ROU,11,8,10,155,153,118,29,4,4,Romania,Europe & Central Asia,19061062.0,2022.0,30.684757,5848840.55631934,13.677924578327673,0.9870967741935484,0.2,0.5868786359270762,True,PASSED
RUS,5,0,2,84,83,78,5,2,0,Russian Federation,Europe & Central Asia,143826130.0,2022.0,18.134482,26082123.656146597,0.0,0.9880952380952381,0.2,0.42317298048186053,True,PASSED
SAU,2,1,2,10,8,10,0,2,1,Saudi Arabia,"Middle East, North Africa, Afghanistan & Pakistan",33702731.0,2022.0,39.549473,13329252.49710763,0.750229617314995,0.8,0.2,0.25946732503664494,True,PASSED
SGP,2,1,1,7,7,6,1,2,1,Singapore,East Asia & Pacific,5917648.0,2022.0,15.206718,899880.04359264,11.112592251825541,1.0,0.2,0.25946732503664494,True,PASSED
SRB,2,1,1,10,10,8,2,1,1,Serbia,Europe & Central Asia,6623183.0,2022.0,21.160403,1401492.21422749,7.135251911129634,1.0,0.2,0.25946732503664494,True,PASSED
SVK,11,8,11,100,99,83,15,4,4,Slovak Republic,Europe & Central Asia,5426740.0,2022.0,25.13428,1363972.026472,58.65222925936764,0.99,0.2,0.5868786359270762,True,PASSED
SWE,4,1,2,20,20,20,0,2,1,Sweden,Europe & Central Asia,10536632.0,2022.0,16.977419,1788848.16312808,5.59018937779126,1.0,0.2,0.38011276067019645,True,PASSED
THA,4,1,3,28,28,23,5,1,1,Thailand,East Asia & Pacific,71702435.0,2022.0,14.906758,10688508.4655573,0.9355842334993743,1.0,0.2,0.38011276067019645,True,PASSED
TUR,12,11,11,153,123,126,26,4,4,Turkiye,Europe & Central Asia,85325965.0,2022.0,29.095364,24825900.1032626,4.430856466128448,0.803921568627451,0.2,0.6057829094937964,True,PASSED
TWN,16,9,13,80,75,53,16,4,4,,,,,,,,0.9375,,0.6691407835348502,False,MISSING_POPULATION
UKR,3,1,1,37,37,37,0,2,1,Ukraine,Europe & Central Asia,37732836.0,2022.0,22.80121,8603543.1753156,1.1623118285372205,1.0,0.2,0.32741131089043124,True,PASSED
USA,68,46,61,2741,2741,1659,470,11,10,United States,North America,336755052.0,2022.0,40.434778,136166157.67998457,3.378225601996381,1.0,0.2,1.0,True,PASSED
ZAF,8,3,6,90,87,71,15,2,2,South Africa,Sub-Saharan Africa,63212384.0,2022.0,31.133828,19680434.90925952,1.5243565570741116,0.9666666666666667,0.2,0.5189346500732899,True,PASSED
