nct_id,condition_name
NCT01644201,Type II Diabetes Mellitus
NCT01644201,Obesity
NCT00375401,Obesity
NCT07684144,Obesity
NCT07684144,Overweight
NCT07684144,"Diabetes Mellitus, Type 2"
NCT05822830,Obesity
NCT05822830,Overweight
NCT06501248,Obesity
NCT06501248,Drug Effect
NCT06501248,Insulin Sensitivity
NCT06309992,Obesity
NCT06309992,Non-Alcoholic SteatoHepatitis (NASH)
NCT00146107,Obesity
NCT02672592,Hypogonadism
NCT02672592,Metabolic Syndrome X
NCT02672592,Obesity
NCT03345771,Osteoarthritis
NCT00623844,"Child, Preschool"
NCT03419624,Obesity
NCT03419624,"Diabetes Mellitus, Type 2"
NCT04520490,Childhood Obesity
NCT04221750,Frailty
NCT04221750,Sarcopenic Obesity
NCT04221750,Aging
NCT07075146,HIV - Human Immunodeficiency Virus
NCT07075146,Obesity
NCT07075146,Overweight and/or Obesity
NCT00478972,Obesity
NCT00478972,Diabetes Mellitus Type 2
NCT07037459,Heart Failure With Preserved Ejection Fraction
NCT07037459,Heart Failure With Mildly Reduced Ejection Fraction
NCT07037459,Obesity
NCT00386061,Obesity
NCT04447313,Obesity-Related Malignant Neoplasm
NCT00029861,Obesity
NCT00029861,Weight Loss
NCT05093634,Obesity
NCT05093634,Genetic Obesity
NCT01627925,Upper Airway Obstruction
NCT07037433,Atherosclerotic Cardiovascular Disease
NCT07037433,Overweight
NCT07037433,Obesity
NCT00764270,Atherosclerosis
NCT00955903,Obesity
NCT00955903,Diabetes
NCT00955903,Hypertension
NCT00955903,Hyperlipidemia
NCT04678323,"Obesity, Childhood"
NCT07503210,Obesity
NCT01724983,Morbid Obesity
NCT05887271,Heart Failure With Preserved Ejection Fraction
NCT05887271,"Heart Failure, Diastolic"
NCT05887271,"Diabetes Mellitus, Type 2"
NCT05887271,Diabetes Mellitus Type 2 in Obese
NCT05887271,Obesity Adult Onset
NCT00975533,Type 2 Diabetes Mellitus
NCT01273584,Pregnancy Complications
NCT01273584,Obesity
NCT01272232,Metabolism and Nutrition Disorder
NCT01272232,Obesity
NCT07220772,Monogenic Obesity
NCT06952712,Preeclampsia
NCT00589498,Hypertension
NCT00589498,Sleep Apnea Syndromes
NCT00589498,Obesity
NCT02342899,Obesity Hypoventilation Syndrome
NCT02342899,Chronic Respiratory Failure
NCT02868177,Prediabetes
NCT02868177,Type 2 Diabetes
NCT02868177,Hypertriglyceridemia
NCT02868177,Obesity
NCT02868177,Disease
NCT02868177,Insulin Resistance
NCT00000532,Cardiovascular Diseases
NCT00000532,Diabetes Mellitus
NCT00000532,Heart Diseases
NCT00000532,Hypercholesterolemia
NCT00000532,Hypertension
NCT00000532,Obesity
NCT00000532,Menopause
NCT00000532,Postmenopause
NCT00495599,Obesity
NCT01905956,Weight Loss
NCT04800172,Obesity
NCT04800172,PreDiabetes
NCT00929812,Healthy Subjects
NCT00929812,Obesity
NCT00929812,"Diabetes Mellitus, Type 1"
NCT00989339,Diabetes
NCT00989339,Hypertension
NCT00989339,Obesity
NCT00553787,Obesity
NCT00553787,Type 2 Diabetes
NCT05788965,Cystic Fibrosis
NCT05788965,Cystic Fibrosis-related Diabetes
NCT00679653,Obesity
NCT00679653,Hypertension
NCT07734311,Knee Osteoarthritis
NCT07734311,Obesity
NCT00449605,"Diabetes Mellitus, Type 2"
NCT00678483,Obesity
NCT00678483,Weight Loss
NCT05409612,Morbid Obesity
NCT05409612,Severe Obesity
NCT02516475,Obesity
NCT04525300,Obesity
NCT06914895,Type 1 Diabetes
NCT06914895,Obesity
NCT06914895,Overweight
NCT00520182,Diabetes Type 2
NCT07284901,Obesity With Diabetes
NCT07284901,Overweight With Diabetes
NCT07567001,Obesity
NCT07567001,Heart Failure
NCT02367105,Obesity and Hypogonadism
NCT05394519,Overweight
NCT05394519,Obesity
NCT05394519,Type 2 Diabetes Mellitus
NCT01934777,Fatty Liver
NCT01934777,Liver Fibrosis
NCT01934777,Obesity
NCT01934777,Metabolic Syndrome
NCT01934777,Nonalcoholic Fatty Liver Disease
NCT05482672,Knee Osteoarthritis
NCT05482672,Obese
NCT05482672,Depression
NCT00478595,Obesity
NCT00478595,Diabetes Mellitus Type 2
NCT02157974,Hepatic Steatosis
NCT02157974,Polycystic Ovarian Syndrome
NCT02157974,Obesity
NCT01764113,Adolescent Obesity
NCT00383058,Obesity
NCT02140697,Obesity
NCT00131404,Obesity
NCT07670884,Chronic Management of Body Weight
NCT01334125,Diabetes Mellitus
NCT01028976,C-reactive Protein
NCT01028976,Inflammation
NCT01028976,Obesity
NCT01028976,Oxidative Stress
NCT00872378,Morbid Obesity
NCT02410668,Overweight and Obesity
NCT00210808,Obesity
NCT00210808,Binge-Eating Disorder
NCT05872932,Obesity
NCT06548100,Generalized Lipodystrophy
NCT01109199,Appetite Suppression
NCT01109199,Weight Loss
NCT06125587,Polycystic Ovary Syndrome
NCT06125587,Chiglitazar
NCT06125587,Metformin
NCT02356016,Sarcopenic Obesity
NCT02432209,"Infertility, Female"
NCT03651765,Obesity Associated With Defects in Leptin-melanocortin Pathway
NCT01613664,Morbid Obesity
NCT05869903,Obesity
NCT05869903,Overweight
NCT05869903,Overweight or Obesity
NCT05620641,Post Operative Nausea and Vomiting
NCT05620641,Sleeve Gastrectomy
NCT05620641,Morbid Obesity
NCT00434096,Obesity
NCT04074161,Overweight
NCT04074161,Obesity
NCT07225686,Obesity
NCT07225686,Obstructive Sleep Apnea
NCT04966741,Bardet-Biedl Syndrome
NCT04966741,POMC Deficiency Obesity
NCT04966741,PCSK1 Deficiency Obesity
NCT04966741,LEPR Deficiency Obesity
NCT01402128,Overweight; Hyperlipidemia
NCT00486941,Hypertension
NCT00486941,Type 2 Diabetes
NCT00486941,Obesity
NCT00486941,Dyslipidemia
NCT01629394,Morbid Obesity
NCT01629394,Neuromuscular Blockade
NCT02412631,Obesity
NCT02412631,Smoking Cessation
NCT01353066,Atherosclerotic Cardiovascular Disease
NCT01353066,Subclinical Disease and/or Syndrome
NCT02183935,Obesity
NCT02183935,Diabetes
NCT02183935,Metabolic Syndrome
NCT00029835,Obesity
NCT00029835,Dyslipidemia
NCT00868543,Obesity
NCT04651218,Obesity
NCT04651218,Weight Loss
NCT04651218,Eating Behavior
NCT00545805,Insulin Resistance
NCT00545805,Obesity
NCT00545805,Metabolic Syndrome X
NCT06597474,Mental Health Wellness
NCT06597474,Emotional Problem
NCT06597474,Behavioral Problem of Child
NCT06597474,Social Skills
NCT06597474,"Obesity, Childhood"
NCT07571109,Obesity
NCT07571109,Overweight
NCT07571109,Obstructive Sleep Apnoea
NCT01833507,Overweight
NCT01833507,Obese
NCT07720271,Overweight
NCT07720271,Obesity
NCT03454711,Obesity
NCT02921217,Obesity
NCT02921217,Intra-Abdominal Fat
NCT02921217,"Subcutaneous Fat, Abdominal"
NCT07501832,Obstructive Sleep Apnea (OSA)
NCT03480022,Pre Diabetes
NCT03480022,Polycystic Ovary Syndrome
NCT03480022,Obesity Android
NCT07220642,Obesity
NCT07220642,Overweight
NCT00459056,Abdominal Obesity
NCT00459056,Hypertension
NCT01120873,Metabolic Syndrome
NCT05813795,Weight Management
NCT00398359,Obesity
NCT03919929,PCOS
NCT03919929,Adolescent Obesity
NCT03919929,NAFLD
NCT05929079,Type 2 Diabetes
NCT05929079,Obesity
NCT05929079,Overweight
NCT05929079,Obstructive Sleep Apnea
NCT05087342,Obesity
NCT05087342,Obesity; Drug
NCT05087342,Overweight or Obesity
NCT05087342,Weight Loss
NCT05087342,Weight Loss Trajectory
NCT05087342,"Weight, Body"
NCT00474630,Obesity
NCT00474630,Overweight
NCT00474630,"Diabetes Mellitus, Type 2"
NCT00603902,Obesity
NCT01559194,Breast Cancer
NCT01559194,Weight Loss
NCT00389246,Obesity
NCT05567796,Obesity
NCT01546727,Obesity
NCT07104383,Weight Loss
NCT03116009,Gestational Diabetes
NCT03946111,Binge-Eating Disorder
NCT03946111,Obesity
NCT04657003,Type 2 Diabetes
NCT04657003,Overweight
NCT04657003,Obesity
NCT00325546,Obesity
NCT01499485,"Pulmonary Disease, Chronic Obstructive"
NCT01499485,Obesity Hypoventilation Syndrome
NCT01499485,Metabolic Alkalosis
NCT03153813,Pain
NCT06937060,Psoriasis (PsO)
NCT06937060,Obesity and Overweight
NCT02373007,Obesity
NCT01707732,Thromboprophylaxis in Hospitalized Obese Patients
NCT06972472,Obesity
NCT06972472,Overweight
NCT06972472,Type 2 Diabetes
NCT03109834,Overweight and Obesity
NCT03109834,Dyslipoproteinemia
NCT07595549,Obesity
NCT07595549,Overweight and/or Obesity
NCT07595549,Overweight
NCT04487743,Obesity
NCT07311850,Obesity and Overweight
NCT05997576,Overweight or Obesity
NCT01211574,Obesity
NCT01003639,Idiopathic Intracranial Hypertension
NCT04325581,Weight Loss
NCT00969267,Obesity
NCT06229795,PreDiabetes
NCT03790865,Prader-Willi Syndrome
NCT03790865,Hyperphagia
NCT00384605,Obesity
NCT07670416,Obesity
NCT07670416,Overweight
NCT07670416,Type 2 Diabetes Mellitus (T2DM)
NCT00483171,Obesity
NCT07564414,Obesity
NCT07564414,Type 2 Diabetes
NCT00092872,Obesity
NCT07509307,Obesity
NCT07509307,Overweight
NCT07509307,"Osteoarthritis, Knee"
NCT01444651,Cardiovascular Disease
NCT01444651,Insulin Resistance
NCT01444651,Glucose Intolerance
NCT01444651,Obesity
NCT00131430,Obesity and Obesity-related Medical Conditions
NCT00546325,"Diabetes Mellitus, Type 2"
NCT03720574,Obesity
NCT02918279,Metabolism and Nutrition Disorder
NCT02918279,Obesity
NCT01068197,Obesity
NCT01068197,Type 2 Diabetes Mellitus
NCT00481923,Obesity
NCT02122029,Morbid Obesity
NCT04283578,Prader-Willi Syndrome
NCT00479609,Metabolic Syndrome
NCT06363747,Type 2 Diabetes
NCT06363747,Obesity
NCT03585413,Obesity
NCT03585413,Gastric Bypass
NCT03585413,NAFLD
NCT00138710,Hypogonadotrophic Hypogonadism
NCT00138710,Obesity
NCT00231621,Obesity
NCT00231621,Hyperlipidemia
NCT00231621,Hypertriglyceridemia
NCT04889183,Obesity
NCT04889183,Albuminuria
NCT02978105,Obesity
NCT05024032,Obesity
NCT05024032,Overweight
NCT05024032,Metabolism and Nutrition Disorder
NCT00195858,Obesity
NCT05996848,Obesity or Overweight
NCT06858878,"Type 2 Diabetes Mellitus (T2DM), Obesity, Overweight"
NCT01659450,Body Weight Decreased
NCT06588296,Psoriatic Arthritis
NCT06588296,Obesity
NCT07339423,Obesity
NCT00392717,Obesity
NCT00392717,Dyslipidemia
NCT00392717,Insulin Resistance
NCT00563368,Obesity
NCT03063606,Binge-Eating Disorder
NCT03063606,Obesity
NCT06619015,Obesity
NCT06619015,Appetite Regulation
NCT06619015,PreDiabetes
NCT01040468,Type 2 Diabetes
NCT02108691,Obesity
NCT00108589,Hepatitis
NCT01764386,Obesity
NCT01764386,Overweight
NCT05931380,Obesity
NCT01792362,Infertility
NCT04605861,Obese
NCT04605861,Overweight
NCT07622290,Obesity-associated Asthma
NCT04741074,CKD
NCT04741074,Diabetic Kidney Disease
NCT04741074,Type 2 Diabetes Mellitus in Obese
NCT04741074,Obesity
NCT04741074,Severe Obesity
NCT06962280,Type 1 Diabetes
NCT06962280,Obesity
NCT06962280,Overweight
NCT00783445,Metabolic Syndrome
NCT07036172,Obesity Control
NCT05405244,Overweight and Obesity
NCT05405244,Eating Behavior
NCT02654665,Non-alcoholic Fatty Liver Disease (NAFLD)
NCT02654665,Weight Loss
NCT02654665,Non-alcoholic Steatohepatitis (NASH)
NCT06423599,Heart Failure With Reduced Ejection Fraction
NCT06423599,Obesity
NCT06423599,Weight Loss
NCT06423599,Chronic Heart Failure
NCT06383390,Atherosclerotic Cardiovascular Disease (ASCVD)
NCT06383390,Chronic Kidney Disease (CKD)
NCT04086810,Prader-Willi Syndrome
NCT04788511,Obesity
NCT02204163,Prader-Willi Syndrome
NCT06884293,Overweight
NCT06884293,Metabolic Dysfunction-associated Fatty Liver Disease (MAFLD)
NCT00029848,Obesity
NCT00029848,"Diabetes Mellitus, Non-Insulin-Dependent"
NCT00029848,Obesity in Diabetes
NCT00645255,Obesity
NCT00645255,Weight Loss
NCT01868347,Obese Patients With Prostate Cancer Disease
NCT07253285,Overweight
NCT07253285,Obesity
NCT00603109,Prader-willi Syndrome
NCT00871416,Diabetes
NCT00871416,"Diabetes Mellitus, Type 1"
NCT00871416,"Diabetes Mellitus, Type 2"
NCT00871416,Delivery Systems
NCT01724099,Obesity
NCT02338193,Diabetes Prevention in Women After GDM Who Are at High-risk
NCT05412004,Obstructive Sleep Apnea
NCT05412004,Obesity
NCT06149793,Cystic Fibrosis-related Diabetes
NCT06149793,Cystic Fibrosis
NCT02880540,Obesity
NCT00677391,Obesity
NCT00221442,Binge Eating Disorder Associated With Obesity
NCT06379113,Endometrial Neoplasms
NCT06379113,Atypical Endometrial Hyperplasia
NCT06379113,Progesterone Resistance
NCT06379113,Obesity
NCT00391196,Obesity
NCT00554216,Obesity
NCT05040971,Obesity
NCT07369011,"Sleep Apnea, Obstructive"
NCT07369011,Obesity
NCT07369011,Overweight
NCT03850314,Metabolic Syndrome
NCT03850314,Dyslipidemias
NCT03850314,Diabetes Mellitus
NCT03850314,Obesity
NCT03850314,Atherosclerosis
NCT06893016,Obesity
NCT04885634,Atrial Fibrillation
NCT04885634,Overweight and Obesity
NCT00067145,Obesity
NCT03435458,Maternal Obesity
NCT02768818,"Gestational Diabetes Mellitus in Pregnancy, Diet- Controlled"
NCT02768818,Exercise Addiction
NCT02768818,High-Risk Pregnancy
NCT02768818,Dietary Modification
NCT00944138,Obesity
NCT03290846,Obesity
NCT01758146,Breast Cancer
NCT05132088,Overweight and Obesity
NCT04683237,Atypical Endometrial Hyperplasia
NCT04683237,Obese
NCT04683237,Fertility Issues
NCT02397499,Central Abdominal Bulging
NCT01060592,Obesity
NCT00231530,Obesity
NCT00231530,"Diabetes Mellitus, Type 2"
NCT00231530,"Diabetes Mellitus, Adult-Onset"
NCT00444392,Obese Patients
NCT00444392,Type 2 Diabetes Mellitus
NCT05309395,"Diet, Healthy"
NCT05309395,Overweight and Obesity
NCT04645719,Obese
NCT04645719,Analgesia
NCT01108328,"Appetite and Hunger, Suppression"
NCT01108328,"Blood Glucose, Postprandial"
NCT03045341,Binge-eating Disorder
NCT03045341,Obesity
NCT00552942,Diabetes
NCT00552942,Interleukins
NCT00552942,Cytokines
NCT00808431,Diabetes
NCT00808431,Obesity
NCT02626741,Abdominal Obesity-Metabolic Syndrome
NCT01557166,Metabolism and Nutrition Disorder
NCT01557166,Obesity
NCT01557166,Obstructive Sleep Apnoea
NCT05646706,Obesity
NCT01598233,Overweight
NCT01598233,Obesity
NCT01598233,Metabolic Syndrome
NCT07387094,OSA - Obstructive Sleep Apnea
NCT07387094,Obesity
NCT00580502,Obesity
NCT01681069,Obesity
NCT01681069,Overweight
NCT01886495,Body Mass Index Quantitative Trait Locus 5 Disorder
NCT01886495,Tangier Disease
NCT02041754,Weight Loss
NCT02041754,Appetite Modulation (Focus of Study)
NCT00263042,Cardiovascular Disease
NCT03926052,Binge-Eating Disorder
NCT03926052,Obesity
NCT04844918,Obesity
NCT04102189,Overweight
NCT04102189,Obesity
NCT00165685,Obesity
NCT04599478,Loss-of-control Eating
NCT04599478,Obesity/Overweight
NCT01814072,Weight Loss
NCT07226765,Obstructive Sleep Apnea
NCT02754258,Obesity
NCT07684235,Obesity
NCT07684235,Overweight
NCT00202748,Type 2 Diabetes
NCT00166699,Obesity
NCT00166699,Pregnancy
NCT06904105,Overweight
NCT06904105,Obesity
NCT00781937,Metabolism and Nutrition Disorder
NCT00781937,Obesity
NCT00896545,Overweight
NCT01106053,Binge Eating Disorder
NCT00567255,Obesity
NCT00567255,Overweight
NCT01546792,Obstructive Sleep Apnoea
NCT01546792,Obesity
NCT00566189,"Diabetes Mellitus, Type 2"
NCT00566189,Insulin Resistance
NCT00566189,Obesity
NCT02963935,Metabolism and Nutrition Disorder
NCT02963935,Obesity
NCT06184568,Type 2 Diabetes
NCT06184568,Obesity
NCT03192566,"Obesity, Childhood"
NCT02355041,Obesity
NCT00600483,Cardiac Surgery
NCT00600483,Sternal Wound Infection
NCT01114451,Wound Complications
NCT01114451,Obesity
NCT02832219,Obesity
NCT02564445,Weight Loss
NCT02564445,Obesity
NCT02564445,Physical Activity
NCT06972459,Obesity
NCT06972459,Overweight
NCT00807768,Endometrial Clear Cell Adenocarcinoma
NCT00807768,Endometrial Serous Adenocarcinoma
NCT00807768,Fatigue
NCT00807768,Neurotoxicity Syndrome
NCT00807768,Obesity
NCT00807768,Stage I Uterine Corpus Cancer AJCC v7
NCT00807768,Stage II Uterine Corpus Cancer AJCC v7
NCT01724970,Morbid Obesity
NCT01242241,Pharmacodynamics
NCT01242241,Obesity
NCT00737347,Type 2 Diabetes
NCT00737347,Obesity
NCT05064735,Obesity
NCT04697381,Prader-Willi Syndrome
NCT00541567,Obesity and Type 2 Diabetes
NCT05457530,Body Weight Changes
NCT05457530,Human Immunodeficiency Virus
NCT05457530,ART
NCT05457530,Obesity
NCT05457530,Minority Health
NCT05457530,BMD
NCT05457530,Metabolic Syndrome
NCT05457530,Fasting
NCT02527200,Metabolism and Nutrition Disorder
NCT02527200,Obesity
NCT05649137,Obesity
NCT05649137,"Diabetes Mellitus, Type 2"
NCT07282600,Overweight
NCT07282600,Obesity
NCT00823992,Diabetes Mellitus Type 2
NCT01607177,Perioperative Care
NCT01607177,Bariatric Surgery
NCT01607177,Obesity
NCT07629544,Overweight and Obesity
NCT01552642,Child
NCT01552642,Obesity
NCT01552642,Overweight
NCT00038727,Diabetes Mellitus
NCT00038727,Cancer
NCT00038727,CVD
NCT06937086,Ulcerative Colitis
NCT06937086,Obesity or Overweight
NCT02147041,Diabetes Mellitus
NCT02147041,Hyperlipidemia
NCT02227420,Metabolic Syndrome
NCT02227420,Hypersecretion; Cortisol
NCT07648225,Obesity & Overweight
NCT04660643,Obesity
NCT04660643,Overweight
NCT00395135,Obesity
NCT06174779,Obesity
NCT04131582,Prediabetic State
NCT04131582,Insulin Resistance
NCT07321886,Obesity
NCT07321886,Overweight
NCT03287960,Leptin Receptor Deficiency Obesity
NCT06948435,Hypertension
NCT06948435,Overweight or Obesity
NCT00123526,Obesity
NCT00123526,Cardiovascular Diseases
NCT00123526,Heart Diseases
NCT01601704,Obesity
NCT01601704,Overweight
NCT00234832,Obesity
NCT00414505,Obesity
NCT06214741,Obesity
NCT06214741,Overweight
NCT06987383,Obesity
NCT04847557,Obesity
NCT04847557,Heart Failure With Preserved Ejection Fraction (HFpEF)
NCT04251156,Overweight
NCT04251156,Obesity
NCT04251156,"Diabetes Mellitus, Type 2"
NCT00481975,Obesity
NCT00481975,Eating Disorders
NCT07197034,Hyperphagia
NCT07197034,Prader-Willi Syndrome
NCT07197034,Hyperphagia in Prader-Willi Syndrome
NCT00976937,Type 2 Diabetes Mellitus
NCT00746902,Refractory Hypertension
NCT07285902,Obesity
NCT05803421,Type 2 Diabetes
NCT05803421,Obesity
NCT05803421,Overweight or Obesity
NCT05803421,Overweight
NCT05803421,Cardiovascular Diseases
NCT05803421,Chronic Kidney Disease
NCT06950138,Obesity
NCT06950138,Vascular Risk
NCT00993278,Cardiovascular Health
NCT00993278,Obesity
NCT07434050,OSA - Obstructive Sleep Apnea
NCT07434050,Obesity
NCT04134650,Prediabetic State
NCT04134650,Insulin Resistance
NCT00553852,Obesity
NCT00553852,GHD
NCT01258114,Overweight
NCT01258114,Obesity
NCT00299325,Metabolic Syndrome
NCT01855217,Neuromuscular Blockade
NCT02786108,Morbid Obesity
NCT02398188,Central Abdominal Bulging
NCT06939296,Obesity
NCT06939296,Overweight
NCT06885021,Overweight and Obesity
NCT02008474,Obesity
NCT07357766,Overweight
NCT07357766,Obesity
NCT01315366,Hypovitaminosis D
NCT01315366,Insulin Resistance
NCT01315366,Obesity
NCT01315366,Osteoporosis
NCT05667038,Obesity
NCT05667038,Adult
NCT00236600,Obesity
NCT00594399,Impaired Glucose Tolerance
NCT00594399,Obesity
NCT00594399,Diabetes
NCT07400107,Obesity
NCT07400107,Overweight
NCT07400107,"Diabetes Mellitus, Type 2"
NCT05209984,Overweight
NCT05209984,Obesity
NCT02417103,Obesity
NCT00526565,Obesity
NCT07284511,Type 1 Diabetes
NCT07284511,Type 1 Diabetes Mellitus
NCT07284511,T1D
NCT07284511,T1DM
NCT07284511,T1DM - Type 1 Diabetes Mellitus
NCT01697566,Gynecology
NCT07446439,Nausea and Vomiting
NCT07446439,Obesity
NCT00000519,Cardiovascular Diseases
NCT00000519,Coronary Disease
NCT00000519,Heart Diseases
NCT00000519,Hypertension
NCT00000519,Myocardial Ischemia
NCT00000519,Obesity
NCT00656422,Diabetes
NCT00656422,Obesity
NCT05035095,Obesity
NCT05035095,Overweight
NCT02860923,Craniopharyngiomas
NCT02860923,Hypothalamic Obesity
NCT02635386,Polycystic Ovary Syndrome
NCT02635386,Obesity
NCT01652040,Spinal Cord Injury
NCT07738276,Heart Failure and Reduced Ejection Fraction
NCT07738276,Obesity & Overweight
NCT07738276,Tirzepatide
NCT01560676,Obesity
NCT01560676,Type 2 Diabetes
NCT04520256,Overweight and Obesity
NCT05194124,Bardet-Biedl Syndrome
NCT05194124,POMC Deficiency
NCT05882045,Obesity
NCT05882045,Cardiovascular Diseases
NCT00990457,Overweight
NCT00990457,Obese
NCT00990457,Sedentary
NCT00990457,Abdominal Obesity
NCT00324545,Coronary Artery Disease
NCT00324545,Obesity
NCT06896981,Polycystic Ovary Syndrome (PCOS) Women
NCT06896981,Obesity
NCT00261911,Obesity
NCT03611582,Overweight
NCT03611582,Obesity
NCT02956590,Dyslipidemia
NCT02956590,Obesity
NCT01043718,Obesity
NCT03196791,Gastric Cancer
NCT03196791,Obesity
NCT01047657,Asthma
NCT01047657,Obesity
NCT01047657,Weight Loss
NCT06499857,Overweight or Obesity
NCT06499857,Atrial Fibrillation
NCT00948402,Polycystic Ovarian Syndrome
NCT00948402,Insulin Sensitivity
NCT00284557,Obesity
NCT02823912,Dyslipidemia
NCT02823912,Overweight or Obesity
NCT06952530,Hypertension
NCT00131391,Obesity
NCT01934036,Obesity
NCT01934036,Overweight
NCT05564117,Overweight
NCT05564117,Obesity
NCT00859989,Breast Cancer
NCT00859989,Obesity
NCT00859989,Weight Changes
NCT07298915,Obesity & Overweight
NCT00355979,Obesity
NCT05965908,Polycystic Ovary
NCT07294950,Obesity (Disorder)
NCT07294950,Weight Change
NCT07294950,Blood Pressure Monitoring
NCT07294950,Appetite Regulation
NCT00522964,Overweight
NCT02145442,Overweight
NCT02145442,Obesity
NCT07528027,Hypertension With Overweight or Obesity
NCT00402584,Binge Eating Disorder
NCT00402584,Obesity
NCT01249872,Morbid Obesity
NCT01249872,Postoperative Pain
NCT01249872,Postoperative Bowel Function
NCT01249872,Postoperative Ambulation
NCT07357415,Obesity
NCT07357415,Overweight
NCT00907660,Obesity
NCT07219485,Prader-Willi Syndrome
NCT04971720,Obesity
NCT04971720,Cardiovascular Diseases
NCT04971720,Hypertension
NCT04971720,Nocturnal Blood Pressure
NCT04971720,Natriuretic Peptides
NCT04971720,Renin-Angiotensin-Aldosterone System
NCT00782262,Obesity
NCT00603291,Obesity
NCT00219115,Hypertension
NCT01208558,Abdominal Obesity
NCT01208558,Cardiovascular Diseases
NCT01208558,Diabetes Type 2
NCT01208558,Hypertension
NCT01208558,Overweight
NCT05726227,Obesity
NCT01015976,Obesity
NCT01677923,Obesity
NCT00826774,Obesity
NCT00826774,Hypercholesterolemia
NCT00826774,Metabolic Syndrome
NCT00826774,Hypertension
NCT00826774,Diabetes
NCT05952882,Polycystic Ovary Syndrome
NCT05952882,Obesity
NCT05952882,"Infertility, Female"
NCT00504673,Diabetes
NCT00504673,"Diabetes Mellitus, Type 2"
NCT01530724,Obesity
NCT00440180,Obesity
NCT00440180,Oligospermia
NCT04916470,"Heart Failure With Preserved Ejection Fraction (HFpEF) and Diabetes Mellitus, Type 2"
NCT04274608,Obesity
NCT04274608,Weight Loss
NCT03516968,"Obesity, Childhood"
NCT00231660,Obesity
NCT00231660,"Diabetes Mellitus, Type 2"
NCT00231660,"Diabetes Mellitus, Adult-Onset"
NCT06738979,Obesity
NCT01601574,Type 2 Diabetes
NCT01601574,Overweight
NCT01601574,Obesity
NCT01387126,Obesity
NCT00040287,Smoking
NCT00040287,Obesity
NCT04717726,Obesity
NCT06780449,Obesity
NCT01755676,Obesity
NCT03440814,Prader-Willi Syndrome
NCT03574597,Overweight
NCT03574597,Obesity
NCT03516188,Gastroesophageal Reflux Disease
NCT03516188,Acid Reflux
NCT03516188,Obesity
NCT00032760,Binge Eating Disorder
NCT00032760,Obesity
NCT02564627,Weight Loss
NCT04662801,"Obesity, Overweight"
NCT06075667,Obesity
NCT06075667,Overweight
NCT00073242,Obesity
NCT00185770,Obesity
NCT00185770,Cardiovascular Diseases
NCT01667783,Obesity
NCT01667783,Type 2 Diabetes
NCT00284167,Obesity
NCT00456521,Obesity
NCT00456521,Overweight
NCT06366464,Prader-Willi Syndrome
NCT07668401,Obesity
NCT07668401,Overweight
NCT00528164,Obesity
NCT03085394,Intra-Operative Injury - Other
NCT03085394,Post Operative Hemorrhage
NCT03085394,Tranexamic Acid
NCT05819853,PCOS (Polycystic Ovary Syndrome) of Bilateral Ovaries
NCT05819853,Obese
NCT03693430,Overweight
NCT03693430,Obesity
NCT07469800,Overweight
NCT07469800,Obesity
NCT07469800,Hypertensive
NCT01272219,Metabolism and Nutrition Disorder
NCT01272219,Obesity
NCT03961360,Pre-Eclampsia
NCT03961360,Hypertension in Pregnancy
NCT03961360,Obesity
NCT07351058,Obesity or Overweight
NCT07351058,Type 2 Diabetes Mellitus
NCT05935826,Hepatic Steatosis
NCT05935826,NAFLD
NCT05935826,Adolescent Obesity
NCT00696228,Obesity
NCT07493057,Obstructive Sleep Apnea (OSA)
NCT00687739,Obesity
NCT06948422,Hypertension
NCT07667803,Weight Management
NCT07709910,Participants With Obesity and Knee Osteoarthritis
NCT07622810,Obesity & Overweight
NCT00454610,Overweight
NCT00454610,Obesity
NCT05488288,Ventral Hernia
NCT03414762,Cesarean Section Complications
NCT03414762,Cesarean Wound; Dehiscence
NCT03414762,Cesarean Wound Disruption
NCT00941382,Obesity
NCT01872182,Abdominal Obesity Metabolic Syndrome
NCT01766791,Sarcopenia
NCT01766791,Obesity
NCT07021937,Obesity/Therapy
NCT00236639,Obesity
NCT06496100,Obesity
NCT06496100,Leptin Deficiency
NCT06496100,Ghrelin
NCT06496100,Adiponectin
NCT01279499,Morbid Obesity
NCT00289705,Obesity
NCT00289705,Diabetes
NCT00289705,Hypertension
NCT05316467,Endometrial Carcinoma
NCT05316467,Obese
NCT05316467,Overweight
NCT05316467,Fertility Issues
NCT06987695,Obesity Disease
NCT03968224,PreDiabetes
NCT03968224,"Obesity, Morbid"
NCT03968224,"Diabetes Mellitus, Type 2"
NCT00532779,Obesity
NCT00532779,Overweight
NCT07220759,Overweight
NCT07220759,Obesity
NCT07220759,Type 2 Diabetes
NCT00092859,Obesity
NCT03650582,Obesity
NCT00994513,Obesity
NCT00994513,Cardiovascular Disease
NCT00994513,Type 2 Diabetes
NCT02857660,Sarcopenic Obesity
NCT06728124,Obesity/Overweight
NCT01812694,Obesity
NCT01812694,Diet Therapy
NCT01812694,Diabetes Type 2
NCT00458081,Obesity
NCT00458081,Microalbuminuria
NCT00458081,"Diabetes Mellitus, Type 2"
NCT00458081,Dyslipidemia
NCT07571005,Obesity
NCT07571005,Overweight
NCT07571005,Obstructive Sleep Apnoea
NCT06439277,Obesity
NCT06439277,Weight Gain
NCT07284875,Obesity
NCT07284875,Overweight
NCT02492698,Overweight
NCT07035093,Obesity
NCT07035093,Overweight
NCT07035093,Chronic Low Back Pain (CLBP)
NCT05872620,Obesity
NCT05872620,Overweight
NCT05872620,Type 2 Diabetes
NCT01180101,Chronic Kidney Disease
NCT01180101,Obesity
NCT00796367,Obesity
NCT02896192,Pro-opiomelanocortin (POMC) Deficiency Obesity
NCT03924193,Binge-Eating Disorder
NCT03924193,Obesity
NCT00444964,Prader-Willi Syndrome
NCT00612599,Diabetes
NCT00612599,"Diabetes Mellitus, Type 2"
NCT07575399,Obesity or Overweight
NCT03986008,Obesity
NCT07481630,Obesity
NCT07481630,Knee Osteoarthritis (OA)
NCT03918564,Obesity
NCT03918564,Weight Loss
NCT06934655,Pediatric Obesity
NCT06934655,Metabolic and Bariatric Surgery
NCT06934655,Semaglutide
NCT06937099,Crohn's Disease
NCT06937099,Obesity or Overweight
NCT01944098,Bariatric Surgical Pain
NCT07668414,Overweight
NCT07668414,Obesity
NCT04657016,Obesity
NCT04657016,Overweight
NCT00856609,Weight Loss
NCT00856609,Obesity
NCT00799643,Type 2 Diabetes Mellitus
NCT00283816,Polycystic Ovary Syndrome
NCT06047548,Overweight
NCT06047548,Obesity
NCT07292441,Overweight or Obesity
NCT03047005,Binge-Eating Disorder
NCT03047005,Obesity
NCT07150975,Obesity/Overweight in Adult
NCT03552757,Obesity
NCT03552757,Overweight
NCT00661245,Obesity
NCT06672939,Obesity
NCT06672939,Overweight
NCT02514629,Hypogonadism
NCT02514629,Obesity
NCT06423729,"Diabetes Mellitus, Type 2"
NCT00414167,Binge Eating Disorder
NCT00414167,Obesity
NCT06839664,Overweight
NCT06839664,Obesity
NCT06077864,Obesity
NCT00942097,Overweight
NCT00942097,Pregnancy
NCT00942097,Mental Disorder
NCT07153471,Osteoarthritis
NCT01858948,Bipolar Youth Treated With Second-generation Antipsychotics
NCT03671733,Obesity
NCT07202884,"Urinary Incontinence,Stress"
NCT01233349,Overweight
NCT01233349,Obesity
NCT01233349,Weight Loss
NCT01768481,Obesity
NCT01768481,Dyslipidemia
NCT04184622,Overweight
NCT04184622,Obesity
NCT06828861,Hyperphagia
NCT06828861,Prader-Willi Syndrome
NCT01570829,Obesity
NCT00933647,Dyslipidemia
NCT00933647,Inflammation
NCT00933647,Obesity
NCT05157698,Obesity
NCT00000515,Cardiovascular Diseases
NCT00000515,Heart Diseases
NCT00000515,Hypertension
NCT00000515,Obesity
NCT02235519,Hypertension
NCT02235519,Obesity
NCT02235519,Type 2 Diabetes Mellitus
NCT06858839,Obesity
NCT02129608,Overweight
NCT02129608,Obese
NCT03548935,Metabolism and Nutrition Disorder
NCT03548935,Overweight or Obesity
NCT02742688,Obesity
NCT07400653,Obesity
NCT07400653,Overweight and/or Obesity
NCT07400653,Overweight
NCT07400653,"Diabetes, Type 2"
NCT07400653,Type 2 Diabetes
NCT00175305,Hyperphagia
NCT00175305,Prader-Willi Syndrome
NCT06164873,Obesity
NCT05298085,Prader-Willi Syndrome
NCT07392190,Overweight
NCT07392190,Obesity
NCT03905018,Obesity and Erectile Dysfuntion
NCT05701774,Prader-Willi Syndrome
NCT02122874,Diabetes Mellitus Type 2 in Obese
NCT02122874,Type 2 Diabetes Mellitus With Features of Insulin Resistance
NCT03229057,PCOS
NCT06704581,Overweight or Obesity
NCT07533175,Diabetes Mellitus
NCT07533175,Overweight
NCT07533175,Obesity
NCT05774756,Hypothalamic Obesity
NCT00307619,Binge Eating
NCT07274137,Overweight or Obesity
NCT02043054,Type 2 Diabetes Mellitus
NCT02043054,Cardiovascular Disease
NCT06649045,OSA
NCT06649045,Overweight or Obesity
NCT02081898,Overweight
NCT02081898,Obese
NCT03548987,Metabolism and Nutrition Disorder
NCT03548987,Obesity
NCT07230119,"Overweight , Obesity"
NCT05556512,Obesity
NCT05556512,Overweight
NCT02214108,Obesity
NCT02214108,Overweight
NCT00434525,Morbid Obesity
NCT05316935,Endometrial Neoplasms
NCT05316935,Atypical Endometrial Hyperplasia
NCT05316935,Progesterone Resistance
NCT02048215,Obesity
NCT04599504,Loss-of-control Eating
NCT04599504,Obesity/Overweight
NCT02804373,Prader-Willi Syndrome
NCT00398060,Obesity
NCT00398060,Type 2 Diabetes
NCT06859268,Obesity
NCT04651361,"Pain, Postoperative"
NCT04651361,"Pain, Chronic"
NCT04651361,Bariatric Surgery
NCT04651361,Obesity
NCT04651361,Pharmacokinetics
NCT03115424,Obesity
NCT00420589,Obesity
NCT01027143,Asthma
NCT01027143,Obesity
NCT05073835,Obesity
NCT05073835,Diabetes
NCT05073835,Metabolic Syndrome
NCT05930184,Morbid Obesity
NCT05930184,Laparoscopic Sleeve Gastrectomy
NCT05930184,Transversus Abdominis Plane Block
NCT05930184,Local Wound Infiltration
NCT05930184,Bupivacine
NCT05930184,Opioid Use
NCT00408148,Obesity
NCT06162715,Severe Obesity
NCT06162715,Obesity
NCT06162715,BMI Greater Than 30
NCT02036138,Overweight
NCT02036138,Diabetes Type 2
NCT00146133,Obesity
NCT00146133,Frailty
NCT00146133,Elderly
NCT00030238,Obesity
NCT00405808,Obesity
NCT06616961,Obesity
NCT06616961,Type 2 Diabetes Mellitus (T2DM)
NCT02179151,Prader-Willi Syndrome
NCT02179151,Obesity
NCT06604624,Weight Management
NCT03714373,Prader-Willi Syndrome
NCT07654361,Obesity
NCT07654361,Overweight
NCT07654361,Chronic Weight Management
NCT07353931,Osteoarthritis
NCT07353931,Overweight or Obesity
NCT03336086,Lymphocytes
NCT03336086,Weight Loss
NCT03336086,Viral Diseases
NCT03336086,Immunity
NCT03336086,Anti-obesity Agents
NCT06388187,Obesity
NCT07192263,Obesity &Amp; Overweight
NCT02223949,Obesity
NCT02223949,Labor Complications
NCT04576975,Morbid Obesity
NCT04576975,Surgery
NCT06131437,Obesity
NCT03872245,Weight Loss
NCT04104321,Nonalcoholic Steatohepatitis (NASH)
NCT01306214,"Diabetes Mellitus, Type 2"
NCT01306214,Obesity
NCT06993792,Obesity
NCT06993792,Overweight
NCT06993792,Type 2 Diabetes
NCT06596135,Obesity Associated With Defects in Leptin-melanocortin Pathway
NCT03433040,Premature Birth
NCT03433040,Absorption; Chemicals
NCT00392678,Type 2 Diabetes
NCT02675699,Childhood Obesity
NCT02137330,Severe Pediatric Obesity (BMI > 97° pc -According to Centers for Disease Control and Prevention BMI Charts-)
NCT02137330,Altered Liver Function Tests
NCT02137330,Glycemic Intolerance
NCT01277367,Obesity
NCT00940628,Obesity
NCT06921486,Obesity and Overweight
NCT00647595,Obesity
NCT00647595,Pregnancy
NCT00647595,Diabetes Mellitus
NCT06584916,Obesity
NCT06584916,Overweight
NCT01487993,Obesity
NCT01487993,Insulin Resistance
NCT06662383,Obesity
NCT00306683,Hypothalamic-pituitary Lesions
NCT00306683,Craniopharyngiomas
NCT00380445,"Diabetes Mellitus, Type 2"
NCT00128336,Obesity
NCT00128336,Type 2 Diabetes Mellitus
NCT00317707,Cardiovascular Diseases
NCT04578652,"Obesity, Childhood"
NCT04578652,Insulin Resistance
NCT05316493,Atypical Endometrial Hyperplasia
NCT05316493,Fertility Issues
NCT05316493,Overweight and Obesity
NCT06390904,Atypical Endometrial Hyperplasia
NCT06390904,Progesterone Resistance
NCT06390904,Obesity
NCT01044147,Obesity
NCT05931367,Obesity
NCT05931367,Overweight
NCT05931367,Osteo Arthritis Knee
NCT02273804,Obese Children and Adolescents
NCT03211455,Morbid Obesity
NCT03211455,Bariatric Surgery Candidate
NCT00430742,Obesity Type 2 Diabetes Mellitus
NCT00430742,Type 2 Diabetes Mellitus
NCT01451554,Obesity
NCT00134199,Obesity
NCT00231634,Obesity
NCT00231634,"Diabetes Mellitus, Type 2"
NCT00231634,"Diabetes Mellitus, Adult-Onset"
NCT07232719,Obesity
NCT07232719,Overweight
NCT05780008,"Nutrition, Healthy"
NCT05780008,"Obesity, Childhood"
NCT06066515,Obesity
NCT06909006,Obesity in Diabetes
NCT06909006,Obesity/Therapy
NCT06909006,Type 1 Diabetes Mellitus (T1DM)
NCT06909006,Insulin Sensitivity/Resistance
NCT06909006,Semaglutide
NCT06909006,Lipidomics
NCT06909006,Metabolomics
NCT06909006,Weight Loss
NCT06909006,Glycemic Control for Diabetes Mellitus
NCT05514535,"Diabetes Mellitus, Type 2"
NCT05514535,Obesity
NCT06905626,Healthy Volunteers
NCT01535014,Obesity
NCT01234649,Gestational Diabetes Mellitus
NCT01234649,Type 2 Diabetes Mellitus
NCT01234649,Metabolic Syndrome
NCT01234649,Impaired Glucose Tolerance
NCT01234649,Disorder of Glucose Regulation
NCT02750826,Breast Carcinoma
NCT03811574,Overweight
NCT03811574,Obesity
NCT00447291,Overweight
NCT00447291,Obesity
NCT02098317,NAFLD
NCT02098317,Non Alcoholic Steatohepatitis (NASH)
NCT00239967,Dyslipidemia
NCT00239967,Obesity
NCT05646199,Polycystic Ovary Syndrome
NCT05816798,Chronic Knee Pain
NCT05816798,"Obesity, Morbid"
NCT05638893,Knee Osteoarthritis
NCT00236665,Obesity
NCT00236665,Hypertension
NCT00147264,Metabolic Syndrome X
NCT01264393,Obesity
NCT07481747,Obesity
NCT07481747,Overweight (Without Type 2 Diabetes) With Weight-related Comorbidities
NCT01763528,Body Mass Index Quantitative Trait Locus 8 Disorder
NCT01763528,Tangier Disease
NCT01320722,Renal Function
NCT01320722,Endothelial Function
NCT01320722,Blood Pressure
NCT01320722,Overweight
NCT01320722,Obesity
NCT01030354,Weight Reduction
NCT01030354,Obesity
NCT01030354,Weight Management
NCT02143349,Metabolic Syndrome
NCT02143349,Obesity
NCT05653258,Obesity
NCT05653258,Healthy Lifestyle
NCT03758638,Obesity
NCT06994650,Subjects With Moderate-to-severe OSA and Obesity Who Are on PAP Therapy
NCT05032326,Prader-Willi Syndrome
NCT02077517,Morbid Obesity
NCT02478580,Obesity
NCT02478580,Premature Recovery From Anesthesia
NCT01344161,Overweight
NCT01344161,Obesity
NCT00394212,Obesity
NCT02840916,Postpartum Weight Retention
NCT04605081,Loss-of-Control Eating
NCT04605081,Obesity/Overweight
NCT07104500,Weight Loss
NCT02042664,Obesity
NCT02042664,Diabetes
NCT01568437,Gastric-bypass Surgery
NCT01568437,Opioid Consumption
NCT01568437,Obesity
NCT05384431,Overweight
NCT05384431,Obesity
NCT06633783,Obesity
NCT03554031,Prader-Willi Syndrome
NCT03746522,Bardet Biedl Syndrome (BBS)
NCT03746522,Alström Syndrome (AS)
NCT00779207,Obesity
NCT05172999,Atypical Endometrial Hyperplasia
NCT05172999,Obesity
NCT05172999,Fertility Issues
NCT02216552,NAFLD
NCT02216552,TYPE 2 DIABETES
NCT02216552,METABOLIC SYNDROME
NCT00197132,Insulin Resistance
NCT00302263,Obesity
NCT02681887,Obesity
NCT02681887,Prediabetic State
NCT00412698,Obesity
NCT00412698,Dyslipidemias
NCT06066528,Obesity
NCT06066528,"Diabetes Mellitus, Type 2"
NCT05516953,Postoperative Nausea and Vomiting
NCT05516953,Laparoscopic Sleeve Gastrectomy
NCT05516953,Morbid Obesity
NCT01560130,Obesity
NCT01068626,Abdominal Obesity
NCT01552694,Inflammation
NCT01552694,Macrophage Infiltration
NCT01552694,Cardiovascular Disease
NCT00108459,Obesity
NCT00108459,Type 2 Diabetes
NCT00108459,Hyperlipidemia
NCT06588283,Psoriasis
NCT06588283,Obesity
NCT05929066,Obesity
NCT05929066,Overweight
NCT05929066,"Osteoarthritis, Knee"
NCT05929066,Obstructive Sleep Apnea
NCT00302276,Obesity
NCT05387798,Prader-Willi Syndrome
NCT00289887,Hypertension
NCT07654374,Obesity
NCT07654374,Overweight
NCT07654374,Chronic Weight Management
NCT07654374,Type2 Diabetes Mellitus
NCT01113996,Obesity
NCT01774682,Morbid Obesity
NCT01774682,Surgical Management by Laparoscopic Sleeve Gastrectomy
NCT04775082,Obesity
NCT07297290,Obesity and Cardiovascular Risk
NCT07297290,Insulin Resistance
NCT07297290,Obesity (Body Mass Index &gt;30 kg/m2)
NCT05632068,Hyperlipidemias
NCT05632068,Obesity
NCT05632068,Body Fat Disorder
NCT06672549,Obesity
NCT06672549,Overweight
NCT02116517,Obese
NCT02116517,Hyperlipidemia
NCT06041217,Overweight
NCT06041217,Obesity
NCT00228176,Carotid Artery Plaque
NCT00228176,Arteriosclerosis
NCT00228176,Obesity
NCT00228176,Metabolic Syndrome X
NCT00408850,Metabolic Syndrome
NCT06144645,Prader-Willi Syndrome
NCT00393172,Breast Cancer
NCT00393172,Obesity
NCT03771326,Kisspeptin Action on Insulin in Healthy Normal Men
NCT03771326,Kisspeptin Action on Insulin in Obese Diabetic Men
NCT05813925,Obesity or Overweight
NCT01010789,Binge Eating Disorder
NCT01010789,Overweight
NCT01010789,Obese
NCT00396448,Obesity
NCT00434655,Morbid Obesity
NCT02664441,Hypothalamic Obesity
NCT04510493,Coronavirus Infection
NCT04510493,"Diabetes Mellitus, Type 2"
NCT06931028,Sleep Apnea
NCT06931028,Obstructive
NCT06931028,Obesity
NCT03649477,Prader-Willi Syndrome
NCT06176365,Obesity
NCT05098509,Prader-Willi Syndrome
NCT00209482,Obesity
NCT05890976,Overweight
NCT05890976,Obesity
NCT02721953,Insulin Resistance
NCT02721953,Obesity
NCT02810483,Prader-Willi Syndrome
NCT06918405,Obesity and Obesity-related Medical Conditions
NCT01326442,Type 2 Diabetes Mellitus
NCT01326442,Hypertension
NCT01326442,Hyperlipidemia
NCT01326442,Obesity
NCT06974851,Bstructive Sleep Apnea (OSA) and Obesity
NCT07332273,Obesity
NCT07255209,Adolescents With Obesity or Overweight With Weight-Related Comorbidities
NCT04998136,Obesity
NCT06489457,Type 2 Diabetes Mellitus
NCT06489457,Obesity
NCT06489457,Functional Hypogonadism
NCT06396429,Overweight or Obesity
NCT05607680,Obesity Or Overweight
NCT01332877,Obesity
NCT00438061,Obesity
NCT00438061,Dyslipidemia
NCT00438061,Insulin Resistance
NCT06760546,Hypothalamic Obesity
NCT06760546,Multiple Pituitary Hormone Deficiency Genetic Form
NCT06760546,Septo-Optic Dysplasia
NCT06760546,Optic Nerve Hypoplasia
NCT06760546,Childhood-onset Combined Pituitary Hormone Deficiency
NCT06760546,Pituitary Stalk Interruption Syndrome
NCT00277641,Binge Eating Disorder
NCT00277641,Obesity
NCT03842501,Obesity
NCT07011667,Obesity
NCT02525016,Obesity
NCT02525016,Bariatric Surgery
NCT03554525,Obesity
NCT03554525,Overweight
NCT03554525,Weight Loss
NCT03554525,Body Weight Changes
NCT03554525,"Weight Change, Body"
NCT01886482,Body Mass Index Quantitative Trait Locus 7 Disorder
NCT01886482,Tangier Disease
NCT02751840,Asymptomatic Conditions
NCT03837626,Overweight and Obesity
NCT03837626,Insulin Resistance
NCT01131390,Obesity
NCT01131390,Chronic Obstructive Pulmonary Disease
NCT01358890,Over Weight
NCT01358890,Obesity
NCT01465724,Insulin Resistance
NCT01465724,Blood Pressure
NCT07351045,Obesity or Overweight
NCT00781547,Abdominal Obesity
NCT00781547,Metabolic Syndrome
NCT00781547,Obesity
NCT02213159,Obesity
NCT02213159,Sleep Apnea
NCT02213159,Diabetes
NCT02213159,Hypertension
NCT07284979,Obesity
NCT07279194,Obesity & Overweight
NCT01794429,Obesity
NCT01794429,Metabolic Syndrome X
NCT01794429,Drug-induced Obesity
NCT01794429,Schizophrenia
NCT01388205,Myopia
NCT01388205,Obesity
NCT02718950,Obesity
NCT02718950,Type 2 Diabetes Mellitus
NCT03042741,Atherosclerosis
NCT02963922,Metabolism and Nutrition Disorder
NCT02963922,Obesity
NCT03374956,Obesity
NCT00166205,"Obesity, Morbid"
NCT07718126,Metabolic Dysfunction-Associated Steatohepatitis
NCT07718126,Hepatic Steatosis
NCT07718126,Living Liver Donors
NCT05444153,"Diabetes Mellitus, Type 2"
NCT03541005,Overweight and Obesity
NCT01467284,Obesity
NCT00375492,Type 2 Diabetes Mellitus
NCT00628277,Obesity
