iso3,year,sex_code,obesity_prevalence_pct,display_value
SUR,2022,SEX_MLE,19.240952,19.2 [12.6-26.9]
GUY,2022,SEX_FMLE,38.430071,38.4 [32.5-44.7]
SSD,2022,SEX_FMLE,11.24636,11.2 [6.5-17.5]
SRB,2022,SEX_MLE,24.238355,24.2 [18.9-30.0]
PSE,2022,SEX_MLE,28.25442,28.3 [24.4-32.2]
NAM,2022,SEX_MLE,10.092829,10.1 [5.7-15.6]
BDI,2022,SEX_BTSX,4.6755299,4.7 [2.8-7.7]
LAO,2022,SEX_FMLE,10.550865,10.6 [7.1-14.8]
BMU,2022,SEX_BTSX,32.746521,32.7 [23.5-42.5]
KWT,2022,SEX_MLE,36.517435,36.5 [30.3-42.8]
BGR,2022,SEX_FMLE,17.224023,17.2 [14.6-20.2]
MWI,2022,SEX_MLE,2.9176468,2.9 [1.9-4.3]
TTO,2022,SEX_MLE,23.880473,23.9 [20.6-27.3]
AFG,2022,SEX_FMLE,23.63153,23.6 [19.7-27.7]
PRT,2022,SEX_MLE,17.223926,17.2 [14.0-20.7]
AGO,2022,SEX_MLE,6.2600084,6.3 [3.1-10.9]
MAR,2022,SEX_MLE,12.803134,12.8 [9.3-16.9]
KIR,2022,SEX_BTSX,45.20162,45.2 [42.5-47.9]
NZL,2022,SEX_MLE,31.799203,31.8 [29.0-34.5]
MDG,2022,SEX_BTSX,4.0236663,4.0 [2.8-5.6]
SLB,2022,SEX_MLE,15.713419,15.7 [11.8-20.2]
LCA,2022,SEX_BTSX,33.263206,33.3 [30.2-36.4]
MKD,2022,SEX_BTSX,26.060194,26.1 [19.8-33.2]
PRY,2022,SEX_MLE,27.888417,27.9 [24.1-31.8]
HUN,2022,SEX_FMLE,27.300686,27.3 [24.0-30.7]
ARG,2022,SEX_BTSX,35.26631,35.3 [32.7-38.0]
VUT,2022,SEX_BTSX,21.773966,21.8 [17.4-26.7]
CIV,2022,SEX_FMLE,16.307567,16.3 [13.7-19.1]
BGD,2022,SEX_FMLE,7.6208942,7.6 [6.7-8.7]
VUT,2022,SEX_FMLE,26.844102,26.8 [20.2-34.2]
ZWE,2022,SEX_FMLE,20.320836,20.3 [16.6-24.4]
TCD,2022,SEX_FMLE,6.4560443,6.5 [4.4-8.9]
MOZ,2022,SEX_FMLE,13.299741,13.3 [11.6-15.2]
CAN,2022,SEX_BTSX,25.79084,25.8 [23.3-28.4]
WSM,2022,SEX_FMLE,74.996585,75.0 [71.1-78.7]
GEO,2022,SEX_BTSX,34.285301,34.3 [30.4-38.3]
VNM,2022,SEX_MLE,1.9191362,1.9 [1.3-2.7]
FIN,2022,SEX_FMLE,23.665243,23.7 [21.4-26.1]
SWE,2022,SEX_BTSX,16.977419,17.0 [14.5-19.6]
MKD,2022,SEX_FMLE,25.664395,25.7 [19.8-32.1]
CHE,2022,SEX_MLE,13.317898,13.3 [11.4-15.4]
NOR,2022,SEX_BTSX,19.536772,19.5 [16.5-22.8]
JPN,2022,SEX_BTSX,5.4727148,5.5 [4.6-6.4]
NIC,2022,SEX_FMLE,38.9707,39.0 [32.2-46.0]
FJI,2022,SEX_MLE,27.216017,27.2 [23.8-30.8]
NGA,2022,SEX_MLE,7.957013,8.0 [5.8-10.6]
NOR,2022,SEX_MLE,20.443799,20.4 [15.9-25.4]
BTN,2022,SEX_BTSX,11.91409,11.9 [10.1-13.9]
ETH,2022,SEX_FMLE,3.9111707,3.9 [3.2-4.7]
CAF,2022,SEX_BTSX,9.9033363,9.9 [7.4-12.7]
CIV,2022,SEX_MLE,7.5517021,7.6 [4.2-11.9]
MOZ,2022,SEX_MLE,5.1520485,5.2 [3.9-6.6]
KWT,2022,SEX_FMLE,47.048542,47.0 [41.7-52.2]
THA,2022,SEX_FMLE,18.08743,18.1 [15.2-21.0]
HTI,2022,SEX_MLE,5.2350983,5.2 [3.1-7.9]
KNA,2022,SEX_MLE,36.185056,36.2 [25.9-47.3]
TKM,2022,SEX_MLE,18.445967,18.4 [14.7-22.6]
JOR,2022,SEX_FMLE,42.272061,42.3 [40.3-44.2]
IRQ,2022,SEX_MLE,30.714878,30.7 [24.5-37.2]
MDG,2022,SEX_MLE,4.0689725,4.1 [2.0-7.2]
SUR,2022,SEX_BTSX,29.425848,29.4 [23.7-35.4]
ROU,2022,SEX_BTSX,30.684757,30.7 [28.4-33.0]
BEL,2022,SEX_BTSX,20.214818,20.2 [17.4-23.2]
AND,2022,SEX_BTSX,17.071925,17.1 [12.3-22.5]
JAM,2022,SEX_FMLE,48.286709,48.3 [42.7-53.7]
ZMB,2022,SEX_BTSX,10.650298,10.7 [8.8-12.8]
SDN,2022,SEX_MLE,10.747736,10.7 [7.7-14.2]
CYP,2022,SEX_FMLE,19.861393,19.9 [12.0-29.4]
VCT,2022,SEX_MLE,18.615226,18.6 [13.3-24.6]
SUR,2022,SEX_FMLE,39.373532,39.4 [30.1-48.8]
SLE,2022,SEX_MLE,2.8232295,2.8 [2.0-3.9]
ITA,2022,SEX_BTSX,14.357004,14.4 [12.6-16.3]
MAR,2022,SEX_FMLE,28.799653,28.8 [24.3-33.6]
THA,2022,SEX_MLE,11.524943,11.5 [9.2-14.1]
SSD,2022,SEX_MLE,4.7286045,4.7 [2.2-8.4]
SAU,2022,SEX_MLE,35.788447,35.8 [29.5-42.7]
FSM,2022,SEX_FMLE,56.132823,56.1 [48.3-63.4]
SAU,2022,SEX_BTSX,39.549473,39.5 [35.1-44.4]
ISR,2022,SEX_MLE,22.211915,22.2 [18.0-26.8]
ERI,2022,SEX_FMLE,5.3171601,5.3 [3.3-7.9]
TTO,2022,SEX_FMLE,35.701388,35.7 [32.3-39.3]
EGY,2022,SEX_FMLE,55.921888,55.9 [52.6-59.2]
DZA,2022,SEX_MLE,14.864284,14.9 [11.1-19.1]
LKA,2022,SEX_FMLE,13.694912,13.7 [12.1-15.4]
PRI,2022,SEX_FMLE,46.298808,46.3 [37.9-54.9]
RUS,2022,SEX_FMLE,18.935609,18.9 [17.5-20.5]
AGO,2022,SEX_BTSX,11.855334,11.9 [7.9-16.6]
VCT,2022,SEX_FMLE,48.542732,48.5 [41.7-55.5]
GRL,2022,SEX_FMLE,31.004432,31.0 [26.0-36.1]
GNQ,2022,SEX_MLE,7.8364737,7.8 [3.0-15.7]
QAT,2022,SEX_MLE,38.160107,38.2 [30.0-46.5]
BLR,2022,SEX_MLE,18.666579,18.7 [15.6-21.8]
KAZ,2022,SEX_MLE,18.914375,18.9 [16.2-21.7]
SWZ,2022,SEX_BTSX,28.389528,28.4 [26.3-30.7]
VEN,2022,SEX_MLE,20.401499,20.4 [16.4-24.8]
PYF,2022,SEX_BTSX,48.124838,48.1 [41.7-54.6]
DNK,2022,SEX_FMLE,12.76003,12.8 [10.6-15.2]
PSE,2022,SEX_FMLE,45.135519,45.1 [41.6-48.5]
DNK,2022,SEX_MLE,15.169521,15.2 [13.1-17.4]
PRT,2022,SEX_FMLE,19.150391,19.2 [16.3-22.3]
KIR,2022,SEX_FMLE,52.577907,52.6 [48.7-56.3]
TCD,2022,SEX_BTSX,6.7163758,6.7 [4.6-9.4]
CYP,2022,SEX_MLE,23.188891,23.2 [14.4-33.7]
AUS,2022,SEX_MLE,30.569378,30.6 [26.4-34.8]
MDG,2022,SEX_FMLE,3.9876375,4.0 [2.9-5.3]
HUN,2022,SEX_BTSX,30.384585,30.4 [28.0-32.9]
DMA,2022,SEX_FMLE,44.827873,44.8 [35.7-54.4]
ARM,2022,SEX_MLE,18.561539,18.6 [13.7-23.9]
ARM,2022,SEX_FMLE,28.037286,28.0 [24.2-31.8]
PER,2022,SEX_FMLE,31.416896,31.4 [30.0-32.9]
TGO,2022,SEX_BTSX,12.119318,12.1 [10.5-13.8]
TLS,2022,SEX_BTSX,3.0456727,3.0 [2.5-3.7]
ASM,2022,SEX_FMLE,80.560327,80.6 [72.7-87.2]
AUT,2022,SEX_BTSX,16.025788,16.0 [13.6-18.7]
ALB,2022,SEX_FMLE,24.001016,24.0 [20.2-27.9]
UKR,2022,SEX_FMLE,25.733921,25.7 [21.8-29.9]
MNG,2022,SEX_FMLE,25.749588,25.7 [22.0-29.5]
BEL,2022,SEX_MLE,19.238764,19.2 [15.3-23.5]
BDI,2022,SEX_MLE,5.4617599,5.5 [2.1-11.3]
RUS,2022,SEX_BTSX,18.134482,18.1 [17.1-19.2]
FJI,2022,SEX_BTSX,37.315929,37.3 [34.9-39.7]
PER,2022,SEX_BTSX,27.330053,27.3 [26.3-28.3]
TLS,2022,SEX_MLE,1.4903726,1.5 [1.0-2.1]
NGA,2022,SEX_BTSX,12.660767,12.7 [10.9-14.7]
BRN,2022,SEX_FMLE,38.426942,38.4 [34.9-42.1]
NGA,2022,SEX_FMLE,17.350273,17.4 [14.4-20.7]
IRQ,2022,SEX_FMLE,46.73731,46.7 [40.6-52.8]
VEN,2022,SEX_BTSX,22.996874,23.0 [20.2-25.9]
GMB,2022,SEX_FMLE,17.448895,17.4 [15.5-19.5]
BGD,2022,SEX_MLE,2.4875782,2.5 [2.0-3.0]
ECU,2022,SEX_BTSX,27.439183,27.4 [24.9-30.0]
TON,2022,SEX_MLE,62.040758,62.0 [55.7-68.2]
TGO,2022,SEX_FMLE,17.831503,17.8 [15.3-20.6]
SGP,2022,SEX_BTSX,15.206718,15.2 [13.2-17.3]
ROU,2022,SEX_MLE,32.385218,32.4 [28.9-35.9]
BRN,2022,SEX_BTSX,34.760466,34.8 [32.2-37.3]
PAN,2022,SEX_BTSX,35.879326,35.9 [32.6-39.2]
GBR,2022,SEX_FMLE,28.385445,28.4 [26.1-30.7]
IRN,2022,SEX_FMLE,29.892901,29.9 [27.6-32.2]
BHS,2022,SEX_MLE,38.064343,38.1 [32.5-43.7]
TTO,2022,SEX_BTSX,29.901057,29.9 [27.4-32.3]
SYR,2022,SEX_BTSX,32.555419,32.6 [26.7-39.0]
PLW,2022,SEX_FMLE,45.188776,45.2 [41.2-49.2]
ATG,2022,SEX_BTSX,33.241591,33.2 [23.7-43.2]
GTM,2022,SEX_BTSX,26.518044,26.5 [23.4-29.9]
POL,2022,SEX_FMLE,18.125072,18.1 [16.0-20.4]
MLT,2022,SEX_MLE,33.046806,33.0 [26.2-40.4]
LSO,2022,SEX_BTSX,21.204828,21.2 [19.2-23.2]
DEU,2022,SEX_FMLE,19.061308,19.1 [15.6-22.7]
DJI,2022,SEX_MLE,5.5570487,5.6 [2.1-11.6]
ERI,2022,SEX_BTSX,3.890308,3.9 [2.7-5.5]
IND,2022,SEX_BTSX,7.2447151,7.2 [6.5-8.1]
BIH,2022,SEX_MLE,20.623833,20.6 [14.2-28.0]
TUR,2022,SEX_FMLE,35.704067,35.7 [33.3-38.1]
NZL,2022,SEX_BTSX,33.289009,33.3 [31.4-35.2]
MNE,2022,SEX_BTSX,16.664687,16.7 [12.1-21.6]
THA,2022,SEX_BTSX,14.906758,14.9 [13.0-16.8]
WSM,2022,SEX_BTSX,62.994474,63.0 [58.7-67.3]
BLZ,2022,SEX_FMLE,52.062011,52.1 [46.2-57.9]
BLR,2022,SEX_FMLE,22.267768,22.3 [19.5-25.2]
KHM,2022,SEX_BTSX,4.3584011,4.4 [3.7-5.1]
GIN,2022,SEX_FMLE,13.089047,13.1 [10.2-16.3]
BRB,2022,SEX_BTSX,37.971288,38.0 [32.4-43.7]
RWA,2022,SEX_FMLE,7.8101628,7.8 [6.5-9.2]
KEN,2022,SEX_BTSX,10.568877,10.6 [9.4-11.9]
VCT,2022,SEX_BTSX,33.20075,33.2 [28.8-37.9]
KOR,2022,SEX_BTSX,7.3913254,7.4 [6.8-8.0]
LAO,2022,SEX_BTSX,8.2764044,8.3 [6.1-10.8]
GMB,2022,SEX_BTSX,11.443492,11.4 [10.2-12.7]
QAT,2022,SEX_BTSX,41.482469,41.5 [35.3-47.8]
VNM,2022,SEX_BTSX,2.0415334,2.0 [1.6-2.6]
MMR,2022,SEX_MLE,5.390409,5.4 [4.2-6.7]
SYR,2022,SEX_MLE,24.706504,24.7 [16.8-33.8]
KEN,2022,SEX_MLE,5.060675,5.1 [4.0-6.3]
MWI,2022,SEX_BTSX,7.3098227,7.3 [6.0-8.8]
ASM,2022,SEX_BTSX,75.352544,75.4 [69.3-81.0]
IRL,2022,SEX_MLE,28.331625,28.3 [23.6-33.4]
MDV,2022,SEX_FMLE,23.681262,23.7 [19.8-27.7]
HTI,2022,SEX_FMLE,15.564018,15.6 [12.6-18.8]
UZB,2022,SEX_FMLE,32.19094,32.2 [28.9-35.5]
MUS,2022,SEX_BTSX,20.10185,20.1 [17.9-22.4]
YEM,2022,SEX_MLE,9.6352614,9.6 [5.9-14.5]
COL,2022,SEX_MLE,17.793554,17.8 [14.7-21.1]
DNK,2022,SEX_BTSX,13.962093,14.0 [12.5-15.6]
COG,2022,SEX_MLE,5.693699,5.7 [2.9-9.8]
DMA,2022,SEX_MLE,17.60968,17.6 [11.1-25.6]
LAO,2022,SEX_MLE,5.9553836,6.0 [3.5-9.3]
MOZ,2022,SEX_BTSX,9.7334825,9.7 [8.5-11.0]
BHS,2022,SEX_FMLE,55.103862,55.1 [49.9-60.6]
CUB,2022,SEX_BTSX,21.77324,21.8 [19.1-24.5]
AFG,2022,SEX_MLE,13.440713,13.4 [10.3-17.0]
DJI,2022,SEX_FMLE,15.662983,15.7 [7.3-27.7]
CHN,2022,SEX_BTSX,8.2295865,8.2 [7.2-9.3]
SVN,2022,SEX_BTSX,18.868618,18.9 [17.1-20.7]
AUS,2022,SEX_FMLE,29.041818,29.0 [25.4-32.8]
TJK,2022,SEX_MLE,16.987462,17.0 [14.1-20.1]
MRT,2022,SEX_FMLE,35.618159,35.6 [31.2-40.2]
KGZ,2022,SEX_FMLE,24.155681,24.2 [22.0-26.4]
JAM,2022,SEX_MLE,18.282983,18.3 [13.8-23.4]
CRI,2022,SEX_FMLE,37.799379,37.8 [32.2-43.6]
PER,2022,SEX_MLE,23.12613,23.1 [21.7-24.6]
LCA,2022,SEX_FMLE,46.183893,46.2 [41.4-50.9]
CPV,2022,SEX_FMLE,23.125312,23.1 [19.6-26.9]
CRI,2022,SEX_MLE,24.591003,24.6 [19.1-30.4]
PRK,2022,SEX_BTSX,10.894956,10.9 [5.9-17.5]
MHL,2022,SEX_BTSX,41.690207,41.7 [38.3-45.0]
LSO,2022,SEX_FMLE,34.354019,34.4 [31.0-37.8]
SEN,2022,SEX_BTSX,10.673764,10.7 [9.6-11.8]
BLZ,2022,SEX_BTSX,42.076254,42.1 [38.0-46.3]
CAN,2022,SEX_FMLE,24.348739,24.3 [21.2-27.8]
EGY,2022,SEX_BTSX,43.096498,43.1 [40.3-46.0]
ARM,2022,SEX_BTSX,24.096549,24.1 [21.1-27.3]
NER,2022,SEX_BTSX,6.1171196,6.1 [5.1-7.3]
UKR,2022,SEX_BTSX,22.80121,22.8 [20.0-25.7]
EGY,2022,SEX_MLE,30.09274,30.1 [25.3-35.1]
CMR,2022,SEX_FMLE,21.140359,21.1 [17.8-24.6]
GRL,2022,SEX_MLE,23.617214,23.6 [18.8-28.8]
OMN,2022,SEX_BTSX,29.790512,29.8 [26.1-33.6]
GRC,2022,SEX_MLE,27.203131,27.2 [22.5-32.2]
COM,2022,SEX_FMLE,23.912613,23.9 [18.6-29.6]
DOM,2022,SEX_FMLE,35.488144,35.5 [30.5-40.6]
ECU,2022,SEX_MLE,22.155948,22.2 [18.7-25.9]
CHN,2022,SEX_FMLE,7.6258644,7.6 [6.4-9.0]
NLD,2022,SEX_BTSX,14.481732,14.5 [11.8-17.4]
KGZ,2022,SEX_MLE,16.632695,16.6 [14.0-19.4]
DOM,2022,SEX_BTSX,29.310709,29.3 [25.9-32.9]
KWT,2022,SEX_BTSX,40.711185,40.7 [36.4-45.0]
BRA,2022,SEX_FMLE,31.87671,31.9 [29.0-34.8]
AZE,2022,SEX_FMLE,32.711449,32.7 [28.3-37.0]
SLV,2022,SEX_MLE,22.841953,22.8 [17.3-28.7]
ATG,2022,SEX_MLE,23.294792,23.3 [12.3-36.9]
GBR,2022,SEX_BTSX,26.993641,27.0 [25.4-28.7]
GNQ,2022,SEX_FMLE,30.614001,30.6 [23.1-38.9]
COD,2022,SEX_FMLE,8.4160678,8.4 [6.1-11.2]
CMR,2022,SEX_MLE,9.0775862,9.1 [6.0-12.8]
IRN,2022,SEX_MLE,18.13817,18.1 [16.1-20.3]
POL,2022,SEX_BTSX,21.759084,21.8 [20.2-23.5]
SGP,2022,SEX_FMLE,14.024879,14.0 [11.6-16.8]
DEU,2022,SEX_MLE,22.05023,22.1 [18.3-26.0]
MMR,2022,SEX_FMLE,9.6964732,9.7 [8.2-11.3]
CRI,2022,SEX_BTSX,31.401992,31.4 [27.4-35.5]
BHR,2022,SEX_MLE,30.482441,30.5 [22.4-39.5]
PNG,2022,SEX_BTSX,26.957116,27.0 [19.1-35.8]
PNG,2022,SEX_MLE,23.640701,23.6 [14.0-35.2]
MDV,2022,SEX_MLE,12.217446,12.2 [9.4-15.5]
ZMB,2022,SEX_MLE,4.9447585,4.9 [3.2-7.1]
RWA,2022,SEX_MLE,1.7139707,1.7 [1.2-2.4]
PRT,2022,SEX_BTSX,18.28673,18.3 [16.1-20.5]
NER,2022,SEX_MLE,4.3177303,4.3 [3.0-5.8]
NIC,2022,SEX_BTSX,33.708194,33.7 [27.8-40.1]
MLT,2022,SEX_BTSX,30.689615,30.7 [26.1-35.4]
ETH,2022,SEX_BTSX,2.5837556,2.6 [2.2-3.0]
VNM,2022,SEX_FMLE,2.0607641,2.1 [1.4-2.8]
NZL,2022,SEX_FMLE,34.805235,34.8 [32.3-37.5]
GUY,2022,SEX_MLE,17.503683,17.5 [12.9-22.7]
NPL,2022,SEX_BTSX,7.043869,7.0 [6.2-7.9]
ALB,2022,SEX_BTSX,22.960679,23.0 [20.2-25.8]
FJI,2022,SEX_FMLE,46.947753,46.9 [43.9-50.0]
BOL,2022,SEX_FMLE,34.260184,34.3 [31.4-37.2]
MEX,2022,SEX_FMLE,40.165439,40.2 [37.9-42.4]
SOM,2022,SEX_MLE,5.3593215,5.4 [2.5-9.6]
AUT,2022,SEX_FMLE,13.027737,13.0 [9.6-16.9]
LUX,2022,SEX_BTSX,18.817347,18.8 [15.5-22.4]
GRD,2022,SEX_MLE,18.320422,18.3 [12.2-25.6]
KHM,2022,SEX_MLE,3.1860676,3.2 [2.3-4.3]
IDN,2022,SEX_MLE,6.1368201,6.1 [4.5-8.1]
USA,2022,SEX_FMLE,41.74583,41.7 [38.8-44.7]
TUV,2022,SEX_BTSX,64.129901,64.1 [59.1-69.0]
LBY,2022,SEX_MLE,25.056541,25.1 [21.6-28.7]
DOM,2022,SEX_MLE,22.917877,22.9 [18.0-28.2]
KEN,2022,SEX_FMLE,15.941969,15.9 [13.8-18.2]
TKM,2022,SEX_FMLE,23.459667,23.5 [19.9-27.1]
GIN,2022,SEX_BTSX,9.5814511,9.6 [7.5-12.1]
LBR,2022,SEX_FMLE,19.495313,19.5 [17.0-22.1]
GAB,2022,SEX_BTSX,21.322951,21.3 [17.9-25.3]
GAB,2022,SEX_FMLE,32.141644,32.1 [27.6-36.6]
GNB,2022,SEX_MLE,7.1556635,7.2 [2.7-14.4]
DMA,2022,SEX_BTSX,31.053969,31.1 [25.4-37.1]
DZA,2022,SEX_BTSX,22.852418,22.9 [19.9-26.1]
NRU,2022,SEX_FMLE,71.010303,71.0 [67.0-74.8]
DZA,2022,SEX_FMLE,31.113693,31.1 [26.4-36.2]
TZA,2022,SEX_FMLE,15.132247,15.1 [13.6-16.7]
VUT,2022,SEX_MLE,16.730098,16.7 [11.2-23.3]
OMN,2022,SEX_FMLE,38.510069,38.5 [33.3-43.8]
ERI,2022,SEX_MLE,2.266256,2.3 [1.2-3.8]
SWE,2022,SEX_MLE,17.877567,17.9 [14.2-21.7]
GEO,2022,SEX_MLE,32.342204,32.3 [26.4-38.7]
TJK,2022,SEX_FMLE,26.26451,26.3 [23.7-28.9]
SLB,2022,SEX_FMLE,26.707289,26.7 [21.8-31.8]
BMU,2022,SEX_FMLE,41.922873,41.9 [27.4-57.1]
TON,2022,SEX_FMLE,80.121726,80.1 [75.6-84.0]
SOM,2022,SEX_FMLE,21.919017,21.9 [14.4-30.3]
SAU,2022,SEX_FMLE,46.279275,46.3 [40.6-51.9]
NPL,2022,SEX_MLE,4.6592854,4.7 [3.7-5.8]
HND,2022,SEX_BTSX,30.270743,30.3 [25.1-36.1]
TZA,2022,SEX_BTSX,10.572397,10.6 [9.6-11.6]
BFA,2022,SEX_MLE,3.9237749,3.9 [2.8-5.3]
MYS,2022,SEX_FMLE,27.225134,27.2 [23.7-30.8]
CMR,2022,SEX_BTSX,15.180455,15.2 [12.8-17.6]
GTM,2022,SEX_MLE,21.722993,21.7 [16.5-27.6]
MDV,2022,SEX_BTSX,16.516423,16.5 [14.1-19.0]
TUN,2022,SEX_MLE,18.085006,18.1 [12.0-25.3]
POL,2022,SEX_MLE,25.142884,25.1 [22.7-27.6]
UGA,2022,SEX_BTSX,8.4365651,8.4 [7.6-9.3]
PLW,2022,SEX_MLE,36.014023,36.0 [32.0-40.1]
SWE,2022,SEX_FMLE,16.017663,16.0 [12.7-19.8]
BHR,2022,SEX_FMLE,41.364568,41.4 [32.6-50.0]
KNA,2022,SEX_FMLE,53.98013,54.0 [42.7-64.9]
PRY,2022,SEX_FMLE,37.87846,37.9 [33.9-41.7]
ESP,2022,SEX_MLE,18.30869,18.3 [14.4-22.6]
NRU,2022,SEX_BTSX,70.785218,70.8 [67.8-73.7]
NAM,2022,SEX_FMLE,24.093577,24.1 [18.6-30.1]
CHL,2022,SEX_BTSX,38.608992,38.6 [34.7-42.4]
URY,2022,SEX_FMLE,35.851645,35.9 [29.7-42.4]
MAR,2022,SEX_BTSX,20.840874,20.8 [17.9-24.0]
ESP,2022,SEX_FMLE,13.791391,13.8 [10.9-16.9]
TCD,2022,SEX_MLE,7.032837,7.0 [3.5-12.2]
JAM,2022,SEX_BTSX,33.696625,33.7 [30.1-37.5]
PHL,2022,SEX_BTSX,8.8577986,8.9 [7.5-10.3]
ARG,2022,SEX_MLE,34.059149,34.1 [30.1-38.2]
USA,2022,SEX_MLE,39.194357,39.2 [36.2-42.1]
PRK,2022,SEX_FMLE,13.417949,13.4 [5.6-24.5]
BEL,2022,SEX_FMLE,21.173666,21.2 [17.1-25.5]
GUY,2022,SEX_BTSX,28.596142,28.6 [24.7-32.7]
CZE,2022,SEX_FMLE,21.776766,21.8 [18.6-25.0]
NIC,2022,SEX_MLE,27.65609,27.7 [18.0-39.1]
PYF,2022,SEX_FMLE,49.879014,49.9 [40.9-58.7]
JPN,2022,SEX_MLE,7.3444068,7.3 [5.8-9.0]
FRA,2022,SEX_FMLE,11.965243,12.0 [10.2-13.8]
ZWE,2022,SEX_MLE,5.3689413,5.4 [3.7-7.4]
NER,2022,SEX_FMLE,7.9755127,8.0 [6.3-9.9]
DJI,2022,SEX_BTSX,10.748523,10.7 [6.0-17.3]
ZWE,2022,SEX_BTSX,13.838504,13.8 [11.6-16.3]
GBR,2022,SEX_MLE,25.629649,25.6 [23.3-28.1]
FRA,2022,SEX_MLE,11.051692,11.1 [9.4-13.0]
ARG,2022,SEX_FMLE,36.413753,36.4 [32.8-40.2]
MUS,2022,SEX_MLE,14.942442,14.9 [12.1-18.1]
GNB,2022,SEX_FMLE,15.666127,15.7 [11.4-20.6]
EST,2022,SEX_FMLE,20.121838,20.1 [15.9-24.6]
FRA,2022,SEX_BTSX,11.491171,11.5 [10.3-12.8]
EST,2022,SEX_BTSX,20.455915,20.5 [17.1-23.9]
LTU,2022,SEX_BTSX,21.525481,21.5 [18.2-25.1]
SSD,2022,SEX_BTSX,8.1779666,8.2 [5.3-11.8]
GMB,2022,SEX_MLE,5.0590482,5.1 [3.8-6.6]
MNG,2022,SEX_MLE,21.208614,21.2 [17.6-25.1]
MKD,2022,SEX_MLE,26.206672,26.2 [15.0-39.3]
KIR,2022,SEX_MLE,36.655834,36.7 [33.0-40.6]
LBN,2022,SEX_MLE,28.899053,28.9 [25.4-32.5]
KHM,2022,SEX_FMLE,5.4352302,5.4 [4.6-6.4]
MLI,2022,SEX_BTSX,12.091659,12.1 [10.2-14.2]
LKA,2022,SEX_BTSX,10.199208,10.2 [9.2-11.3]
ECU,2022,SEX_FMLE,32.503745,32.5 [28.9-36.1]
VEN,2022,SEX_FMLE,25.269246,25.3 [21.6-29.1]
HND,2022,SEX_FMLE,37.479952,37.5 [32.8-42.2]
MDA,2022,SEX_MLE,20.576233,20.6 [17.3-24.1]
MMR,2022,SEX_BTSX,7.5746983,7.6 [6.6-8.6]
TUR,2022,SEX_MLE,22.096358,22.1 [19.5-24.9]
HUN,2022,SEX_MLE,33.167702,33.2 [29.4-37.0]
SGP,2022,SEX_MLE,16.131833,16.1 [13.2-19.4]
SVN,2022,SEX_MLE,23.961751,24.0 [21.0-26.9]
BGR,2022,SEX_MLE,22.512333,22.5 [18.8-26.2]
OMN,2022,SEX_MLE,24.968708,25.0 [20.0-30.2]
COG,2022,SEX_FMLE,16.948512,16.9 [12.3-22.3]
CHE,2022,SEX_BTSX,11.026175,11.0 [9.7-12.4]
SVK,2022,SEX_FMLE,21.485372,21.5 [16.4-27.0]
DEU,2022,SEX_BTSX,20.587164,20.6 [18.1-23.3]
ZAF,2022,SEX_MLE,14.377925,14.4 [11.5-17.5]
ISL,2022,SEX_MLE,22.601227,22.6 [16.4-29.3]
LBY,2022,SEX_BTSX,33.466321,33.5 [31.0-36.1]
IDN,2022,SEX_FMLE,14.945468,14.9 [12.3-17.8]
KAZ,2022,SEX_FMLE,20.963316,21.0 [18.5-23.6]
BGR,2022,SEX_BTSX,19.939533,19.9 [17.6-22.4]
ZMB,2022,SEX_FMLE,15.833746,15.8 [12.7-19.4]
ZAF,2022,SEX_FMLE,46.27566,46.3 [42.1-50.4]
MRT,2022,SEX_BTSX,22.815046,22.8 [19.5-26.4]
KAZ,2022,SEX_BTSX,20.242804,20.2 [18.4-22.1]
BOL,2022,SEX_MLE,22.067298,22.1 [19.3-25.0]
GHA,2022,SEX_BTSX,13.657086,13.7 [12.6-14.8]
BRN,2022,SEX_MLE,31.566146,31.6 [27.9-35.3]
SYC,2022,SEX_MLE,23.28203,23.3 [19.4-27.5]
KOR,2022,SEX_MLE,8.9466795,8.9 [8.0-10.0]
ASM,2022,SEX_MLE,70.09725,70.1 [60.3-78.9]
FIN,2022,SEX_BTSX,23.241536,23.2 [21.6-25.0]
NLD,2022,SEX_FMLE,14.968139,15.0 [11.3-19.2]
SOM,2022,SEX_BTSX,13.881475,13.9 [9.6-18.6]
GEO,2022,SEX_FMLE,35.088927,35.1 [30.2-40.0]
FSM,2022,SEX_MLE,38.408536,38.4 [30.6-46.4]
PAK,2022,SEX_MLE,18.925385,18.9 [15.3-22.9]
MNG,2022,SEX_BTSX,23.737213,23.7 [21.2-26.4]
AND,2022,SEX_MLE,18.756726,18.8 [11.8-27.0]
SWZ,2022,SEX_MLE,13.757204,13.8 [11.4-16.3]
SVN,2022,SEX_FMLE,13.32158,13.3 [11.4-15.4]
AUS,2022,SEX_BTSX,29.7975,29.8 [27.1-32.6]
ARE,2022,SEX_FMLE,38.6594,38.7 [33.9-43.5]
ISL,2022,SEX_BTSX,21.568689,21.6 [17.2-26.1]
LBY,2022,SEX_FMLE,41.778207,41.8 [37.9-45.5]
IRQ,2022,SEX_BTSX,39.01552,39.0 [34.7-43.4]
SLV,2022,SEX_BTSX,31.026986,31.0 [26.8-35.3]
KOR,2022,SEX_FMLE,5.6115557,5.6 [5.0-6.3]
SWZ,2022,SEX_FMLE,41.28665,41.3 [37.8-44.9]
YEM,2022,SEX_FMLE,15.485725,15.5 [11.5-20.2]
ITA,2022,SEX_FMLE,13.64059,13.6 [11.4-16.1]
SEN,2022,SEX_MLE,4.1870043,4.2 [3.3-5.3]
TKM,2022,SEX_BTSX,21.371296,21.4 [18.7-24.0]
AZE,2022,SEX_MLE,19.190143,19.2 [15.0-23.8]
BWA,2022,SEX_MLE,8.1991114,8.2 [6.6-10.0]
ARE,2022,SEX_BTSX,31.817931,31.8 [28.0-35.7]
CUB,2022,SEX_MLE,18.413647,18.4 [14.8-22.3]
GRL,2022,SEX_BTSX,27.134848,27.1 [23.6-30.8]
ETH,2022,SEX_MLE,1.1758582,1.2 [0.9-1.6]
CHN,2022,SEX_MLE,8.6957291,8.7 [7.1-10.4]
PAK,2022,SEX_FMLE,25.848708,25.8 [22.9-29.1]
LTU,2022,SEX_FMLE,20.023362,20.0 [15.7-24.6]
PHL,2022,SEX_MLE,6.8458781,6.8 [5.2-8.7]
SRB,2022,SEX_FMLE,18.086968,18.1 [14.1-22.3]
MEX,2022,SEX_BTSX,36.054844,36.1 [34.4-37.7]
GAB,2022,SEX_MLE,11.060599,11.1 [6.1-17.6]
NPL,2022,SEX_FMLE,9.100166,9.1 [7.8-10.5]
LBN,2022,SEX_BTSX,30.176866,30.2 [27.8-32.6]
LKA,2022,SEX_MLE,6.3611351,6.4 [5.2-7.7]
MYS,2022,SEX_MLE,17.273036,17.3 [14.0-20.6]
ITA,2022,SEX_MLE,14.927007,14.9 [12.2-17.9]
BLR,2022,SEX_BTSX,20.889097,20.9 [18.8-23.1]
COM,2022,SEX_MLE,7.3008239,7.3 [4.3-11.1]
JOR,2022,SEX_BTSX,35.746548,35.7 [34.1-37.4]
STP,2022,SEX_FMLE,23.739775,23.7 [19.8-28.0]
PAN,2022,SEX_MLE,28.674033,28.7 [24.1-33.6]
NOR,2022,SEX_FMLE,18.559128,18.6 [14.4-23.1]
AUT,2022,SEX_MLE,18.98499,19.0 [15.5-22.6]
SYC,2022,SEX_FMLE,43.211699,43.2 [38.9-47.7]
GHA,2022,SEX_MLE,4.6080016,4.6 [3.8-5.6]
MLI,2022,SEX_MLE,8.3712794,8.4 [5.3-12.2]
PAN,2022,SEX_FMLE,42.997575,43.0 [38.4-47.6]
BRA,2022,SEX_BTSX,28.159052,28.2 [26.2-30.3]
ESP,2022,SEX_BTSX,16.103056,16.1 [13.7-18.7]
ATG,2022,SEX_FMLE,42.003453,42.0 [27.4-57.1]
IDN,2022,SEX_BTSX,10.535927,10.5 [9.0-12.2]
KGZ,2022,SEX_BTSX,20.691554,20.7 [19.0-22.4]
UKR,2022,SEX_MLE,19.115978,19.1 [15.3-23.3]
LUX,2022,SEX_MLE,20.295759,20.3 [15.2-25.8]
ISR,2022,SEX_FMLE,22.378463,22.4 [18.4-26.4]
TUV,2022,SEX_FMLE,71.396971,71.4 [64.9-77.5]
MEX,2022,SEX_MLE,31.299224,31.3 [28.8-33.7]
CAN,2022,SEX_MLE,27.241755,27.2 [23.4-31.1]
CAF,2022,SEX_MLE,6.0087308,6.0 [3.7-8.9]
CHE,2022,SEX_FMLE,8.7477759,8.7 [7.0-10.7]
JPN,2022,SEX_FMLE,3.5241015,3.5 [2.8-4.4]
JOR,2022,SEX_MLE,29.622653,29.6 [27.0-32.3]
RWA,2022,SEX_BTSX,4.9390499,4.9 [4.2-5.7]
CIV,2022,SEX_BTSX,11.800028,11.8 [9.5-14.4]
LTU,2022,SEX_MLE,22.567634,22.6 [17.6-28.1]
BHR,2022,SEX_BTSX,34.632152,34.6 [28.5-40.9]
MLT,2022,SEX_FMLE,27.817589,27.8 [22.2-33.8]
ISL,2022,SEX_FMLE,20.488609,20.5 [14.6-27.1]
BEN,2022,SEX_MLE,6.7886785,6.8 [4.4-9.7]
PRI,2022,SEX_BTSX,41.121516,41.1 [34.8-47.7]
GTM,2022,SEX_FMLE,30.891737,30.9 [27.5-34.2]
SRB,2022,SEX_BTSX,21.160403,21.2 [17.9-24.6]
LBN,2022,SEX_FMLE,31.115314,31.1 [28.1-34.2]
SYR,2022,SEX_FMLE,39.639702,39.6 [30.9-49.1]
TUN,2022,SEX_BTSX,25.510526,25.5 [20.8-30.6]
LUX,2022,SEX_FMLE,17.310531,17.3 [13.1-22.1]
BGD,2022,SEX_BTSX,5.116006,5.1 [4.6-5.7]
PNG,2022,SEX_FMLE,30.388594,30.4 [18.2-44.2]
COD,2022,SEX_BTSX,6.1763883,6.2 [4.7-7.9]
CYP,2022,SEX_BTSX,21.604939,21.6 [15.5-28.6]
MRT,2022,SEX_MLE,8.3924837,8.4 [4.0-14.5]
BFA,2022,SEX_BTSX,6.8013452,6.8 [5.8-7.9]
BTN,2022,SEX_MLE,8.9412242,8.9 [6.6-11.6]
UZB,2022,SEX_MLE,26.202625,26.2 [22.4-30.4]
CPV,2022,SEX_MLE,8.2598075,8.3 [6.1-10.8]
AZE,2022,SEX_BTSX,26.442564,26.4 [23.3-29.5]
GNQ,2022,SEX_BTSX,18.145896,18.1 [13.6-23.7]
CZE,2022,SEX_MLE,29.235405,29.2 [25.5-33.1]
GIN,2022,SEX_MLE,5.6269556,5.6 [2.9-9.6]
PHL,2022,SEX_FMLE,10.776158,10.8 [8.7-13.1]
BOL,2022,SEX_BTSX,28.245702,28.2 [26.2-30.3]
UZB,2022,SEX_BTSX,29.464421,29.5 [26.9-32.1]
BFA,2022,SEX_FMLE,9.4588451,9.5 [8.0-11.2]
TON,2022,SEX_BTSX,72.058654,72.1 [68.3-75.6]
COM,2022,SEX_BTSX,15.621856,15.6 [12.5-19.0]
LBR,2022,SEX_MLE,11.456202,11.5 [9.1-14.1]
STP,2022,SEX_MLE,9.4505236,9.5 [6.9-12.4]
GRC,2022,SEX_FMLE,26.519182,26.5 [22.5-30.7]
LSO,2022,SEX_MLE,5.9411585,5.9 [4.5-7.5]
TZA,2022,SEX_MLE,5.6008726,5.6 [4.3-7.0]
PRK,2022,SEX_MLE,8.2846984,8.3 [3.2-16.5]
MUS,2022,SEX_FMLE,25.313854,25.3 [22.0-28.7]
CUB,2022,SEX_FMLE,25.000304,25.0 [21.2-29.0]
SDN,2022,SEX_BTSX,16.5149,16.5 [13.8-19.4]
RUS,2022,SEX_MLE,16.641524,16.6 [15.1-18.3]
IND,2022,SEX_FMLE,9.402176,9.4 [8.2-10.7]
SLE,2022,SEX_BTSX,7.6685444,7.7 [6.5-8.9]
TUV,2022,SEX_MLE,56.683558,56.7 [48.8-64.4]
HRV,2022,SEX_BTSX,29.460567,29.5 [26.4-32.7]
MDA,2022,SEX_BTSX,22.565222,22.6 [20.3-24.9]
MNE,2022,SEX_MLE,18.677247,18.7 [12.2-26.1]
LVA,2022,SEX_MLE,22.375998,22.4 [15.6-30.2]
ALB,2022,SEX_MLE,21.681495,21.7 [17.7-25.9]
UGA,2022,SEX_FMLE,12.802471,12.8 [11.3-14.4]
BEN,2022,SEX_BTSX,11.362983,11.4 [9.5-13.5]
COG,2022,SEX_BTSX,11.381004,11.4 [8.5-14.6]
SLV,2022,SEX_FMLE,37.477592,37.5 [31.7-43.5]
YEM,2022,SEX_BTSX,12.622611,12.6 [9.8-15.9]
PYF,2022,SEX_MLE,46.355245,46.4 [36.9-56.1]
MWI,2022,SEX_FMLE,11.132234,11.1 [8.8-13.7]
MNE,2022,SEX_FMLE,14.598535,14.6 [8.6-21.5]
NRU,2022,SEX_MLE,70.481229,70.5 [66.2-74.6]
URY,2022,SEX_MLE,30.121043,30.1 [23.5-37.3]
CHL,2022,SEX_FMLE,44.473806,44.5 [39.2-49.7]
MHL,2022,SEX_MLE,32.143521,32.1 [27.2-37.2]
PSE,2022,SEX_BTSX,37.086272,37.1 [34.5-39.8]
IND,2022,SEX_MLE,5.1651426,5.2 [4.3-6.1]
SVK,2022,SEX_BTSX,25.13428,25.1 [21.0-29.4]
IRN,2022,SEX_BTSX,23.9801,24.0 [22.5-25.5]
URY,2022,SEX_BTSX,33.203059,33.2 [28.6-38.0]
IRL,2022,SEX_FMLE,26.566759,26.6 [22.1-31.3]
LBR,2022,SEX_BTSX,15.588848,15.6 [13.9-17.5]
SEN,2022,SEX_FMLE,17.099416,17.1 [15.2-19.2]
BEN,2022,SEX_FMLE,15.708232,15.7 [12.8-18.9]
PRY,2022,SEX_BTSX,33.003804,33.0 [30.3-35.8]
BWA,2022,SEX_FMLE,29.055113,29.1 [26.2-31.9]
QAT,2022,SEX_FMLE,49.267569,49.3 [41.9-56.7]
GRD,2022,SEX_BTSX,30.161339,30.2 [24.9-35.7]
BRB,2022,SEX_FMLE,48.339507,48.3 [39.8-56.6]
CZE,2022,SEX_BTSX,25.573215,25.6 [23.1-28.1]
MLI,2022,SEX_FMLE,15.84,15.8 [13.8-18.0]
SVK,2022,SEX_MLE,28.607994,28.6 [22.3-35.1]
AFG,2022,SEX_BTSX,18.681836,18.7 [16.2-21.5]
GHA,2022,SEX_FMLE,22.372258,22.4 [20.4-24.4]
WSM,2022,SEX_MLE,50.544995,50.5 [42.6-58.5]
LVA,2022,SEX_FMLE,21.412472,21.4 [15.8-27.6]
GNB,2022,SEX_BTSX,11.676387,11.7 [8.3-15.9]
BRB,2022,SEX_MLE,26.719034,26.7 [19.4-35.0]
PAK,2022,SEX_BTSX,22.372344,22.4 [19.9-24.8]
LCA,2022,SEX_MLE,19.830805,19.8 [15.9-24.0]
LVA,2022,SEX_BTSX,22.225817,22.2 [17.8-27.3]
TJK,2022,SEX_BTSX,21.929231,21.9 [20.0-24.0]
GRD,2022,SEX_FMLE,42.196822,42.2 [34.0-51.1]
FIN,2022,SEX_MLE,22.688952,22.7 [20.3-25.1]
ZAF,2022,SEX_BTSX,31.133828,31.1 [28.6-33.7]
KNA,2022,SEX_BTSX,45.472181,45.5 [37.7-53.4]
EST,2022,SEX_MLE,20.23223,20.2 [15.3-25.7]
BLZ,2022,SEX_MLE,32.041281,32.0 [26.4-38.2]
SDN,2022,SEX_FMLE,21.824947,21.8 [17.5-26.4]
SYC,2022,SEX_BTSX,32.158482,32.2 [29.2-35.2]
MDA,2022,SEX_FMLE,23.774099,23.8 [20.6-27.0]
IRL,2022,SEX_BTSX,27.405554,27.4 [24.1-30.9]
PRI,2022,SEX_MLE,35.188711,35.2 [25.7-45.1]
GRC,2022,SEX_BTSX,26.966581,27.0 [23.8-30.2]
ARE,2022,SEX_MLE,27.928093,27.9 [22.8-33.3]
MHL,2022,SEX_FMLE,51.383585,51.4 [46.6-56.1]
TGO,2022,SEX_MLE,5.5612821,5.6 [4.1-7.3]
NAM,2022,SEX_BTSX,17.482415,17.5 [13.9-21.5]
SLE,2022,SEX_FMLE,12.283021,12.3 [10.3-14.5]
HND,2022,SEX_MLE,22.798382,22.8 [13.7-33.5]
TLS,2022,SEX_FMLE,4.6054039,4.6 [3.7-5.7]
HRV,2022,SEX_FMLE,26.27131,26.3 [22.6-30.3]
COD,2022,SEX_MLE,3.8311988,3.8 [2.2-5.9]
BTN,2022,SEX_FMLE,15.483433,15.5 [12.5-18.6]
NLD,2022,SEX_MLE,13.968322,14.0 [10.3-18.3]
CAF,2022,SEX_FMLE,12.844861,12.8 [9.0-17.5]
AGO,2022,SEX_FMLE,17.086522,17.1 [10.6-25.3]
BIH,2022,SEX_FMLE,19.737563,19.7 [13.9-26.3]
STP,2022,SEX_BTSX,16.639538,16.6 [14.3-19.2]
TUR,2022,SEX_BTSX,29.095364,29.1 [27.3-30.9]
BMU,2022,SEX_MLE,23.403655,23.4 [12.6-36.2]
BIH,2022,SEX_BTSX,20.350267,20.4 [15.8-25.1]
BRA,2022,SEX_MLE,24.162497,24.2 [21.2-27.2]
COL,2022,SEX_FMLE,29.355079,29.4 [25.8-33.2]
COL,2022,SEX_BTSX,23.770167,23.8 [21.4-26.3]
AND,2022,SEX_FMLE,15.238589,15.2 [9.5-22.6]
ISR,2022,SEX_BTSX,22.340062,22.3 [19.5-25.4]
SLB,2022,SEX_BTSX,21.128157,21.1 [18.0-24.4]
UGA,2022,SEX_MLE,3.6983624,3.7 [3.0-4.6]
ROU,2022,SEX_FMLE,28.616771,28.6 [25.7-31.7]
BWA,2022,SEX_BTSX,18.8162,18.8 [17.2-20.5]
BDI,2022,SEX_FMLE,3.9810896,4.0 [2.7-5.6]
CHL,2022,SEX_MLE,32.637948,32.6 [27.2-38.4]
HTI,2022,SEX_BTSX,10.534526,10.5 [8.7-12.7]
PLW,2022,SEX_BTSX,40.199491,40.2 [37.4-43.2]
USA,2022,SEX_BTSX,40.434778,40.4 [38.3-42.6]
CPV,2022,SEX_BTSX,15.599056,15.6 [13.5-17.9]
BHS,2022,SEX_BTSX,46.932739,46.9 [43.2-50.8]
MYS,2022,SEX_BTSX,22.010197,22.0 [19.6-24.4]
HRV,2022,SEX_MLE,32.282275,32.3 [27.5-37.3]
FSM,2022,SEX_BTSX,47.665861,47.7 [42.1-53.2]
TUN,2022,SEX_FMLE,32.356519,32.4 [25.3-40.0]
