iso3,country_name,region,population_2023
ABW,Aruba,Latin America & Caribbean,107359
AFG,Afghanistan,"Middle East, North Africa, Afghanistan & Pakistan",41454761
AGO,Angola,Sub-Saharan Africa,36749906
ALB,Albania,Europe & Central Asia,2411658
AND,Andorra,Europe & Central Asia,80856
ARE,United Arab Emirates,"Middle East, North Africa, Afghanistan & Pakistan",10483751
ARG,Argentina,Latin America & Caribbean,45538401
ARM,Armenia,Europe & Central Asia,2964300
ASM,American Samoa,East Asia & Pacific,47521
ATG,Antigua and Barbuda,Latin America & Caribbean,93316
AUS,Australia,East Asia & Pacific,26659922
AUT,Austria,Europe & Central Asia,9131761
AZE,Azerbaijan,Europe & Central Asia,10153958
BDI,Burundi,Sub-Saharan Africa,13689450
BEL,Belgium,Europe & Central Asia,11779946
BEN,Benin,Sub-Saharan Africa,14111034
BFA,Burkina Faso,Sub-Saharan Africa,23025776
BGD,Bangladesh,South Asia,171466990
BGR,Bulgaria,Europe & Central Asia,6446596
BHR,Bahrain,"Middle East, North Africa, Afghanistan & Pakistan",1577059
BHS,"Bahamas, The",Latin America & Caribbean,399440
BIH,Bosnia and Herzegovina,Europe & Central Asia,3185073
BLR,Belarus,Europe & Central Asia,9178298
BLZ,Belize,Latin America & Caribbean,411106
BMU,Bermuda,North America,64698
BOL,Bolivia,Latin America & Caribbean,12244159
BRA,Brazil,Latin America & Caribbean,211140729
BRB,Barbados,Latin America & Caribbean,282336
BRN,Brunei Darussalam,East Asia & Pacific,458949
BTN,Bhutan,South Asia,786385
BWA,Botswana,Sub-Saharan Africa,2480244
CAF,Central African Republic,Sub-Saharan Africa,5152421
CAN,Canada,North America,40049088
CHE,Switzerland,Europe & Central Asia,8888822
CHI,Channel Islands,Europe & Central Asia,167691
CHL,Chile,Latin America & Caribbean,19658835
CHN,China,East Asia & Pacific,1410710000
CIV,Cote d'Ivoire,Sub-Saharan Africa,31165654
CMR,Cameroon,Sub-Saharan Africa,28372687
COD,"Congo, Dem. Rep.",Sub-Saharan Africa,105789731
COG,"Congo, Rep.",Sub-Saharan Africa,6182885
COL,Colombia,Latin America & Caribbean,52321152
COM,Comoros,Sub-Saharan Africa,850387
CPV,Cabo Verde,Sub-Saharan Africa,522331
CRI,Costa Rica,Latin America & Caribbean,5105525
CUB,Cuba,Latin America & Caribbean,11019931
CUW,Curacao,Latin America & Caribbean,154654
CYM,Cayman Islands,Latin America & Caribbean,73038
CYP,Cyprus,Europe & Central Asia,1344976
CZE,Czechia,Europe & Central Asia,10864042
DEU,Germany,Europe & Central Asia,83287273
DJI,Djibouti,"Middle East, North Africa, Afghanistan & Pakistan",1152944
DMA,Dominica,Latin America & Caribbean,66510
DNK,Denmark,Europe & Central Asia,5946952
DOM,Dominican Republic,Latin America & Caribbean,11331265
DZA,Algeria,"Middle East, North Africa, Afghanistan & Pakistan",46164219
ECU,Ecuador,Latin America & Caribbean,17980083
EGY,"Egypt, Arab Rep.","Middle East, North Africa, Afghanistan & Pakistan",114535772
ERI,Eritrea,Sub-Saharan Africa,3470390
ESP,Spain,Europe & Central Asia,48352528
EST,Estonia,Europe & Central Asia,1370286
ETH,Ethiopia,Sub-Saharan Africa,128691692
FIN,Finland,Europe & Central Asia,5583911
FJI,Fiji,East Asia & Pacific,924145
FRA,France,Europe & Central Asia,68372286
FRO,Faroe Islands,Europe & Central Asia,54398
FSM,"Micronesia, Fed. Sts.",East Asia & Pacific,112630
GAB,Gabon,Sub-Saharan Africa,2484789
GBR,United Kingdom,Europe & Central Asia,68526000
GEO,Georgia,Europe & Central Asia,3715483
GHA,Ghana,Sub-Saharan Africa,33787914
GIB,Gibraltar,Europe & Central Asia,38471
GIN,Guinea,Sub-Saharan Africa,14405468
GMB,"Gambia, The",Sub-Saharan Africa,2697845
GNB,Guinea-Bissau,Sub-Saharan Africa,2153339
GNQ,Equatorial Guinea,Sub-Saharan Africa,1847549
GRC,Greece,Europe & Central Asia,10407351
GRD,Grenada,Latin America & Caribbean,117081
GRL,Greenland,Europe & Central Asia,56865
GTM,Guatemala,Latin America & Caribbean,18124838
GUM,Guam,East Asia & Pacific,166506
GUY,Guyana,Latin America & Caribbean,826353
HKG,"Hong Kong SAR, China",East Asia & Pacific,7536100
HND,Honduras,Latin America & Caribbean,10644851
HRV,Croatia,Europe & Central Asia,3859686
HTI,Haiti,Latin America & Caribbean,11637398
HUN,Hungary,Europe & Central Asia,9592186
IDN,Indonesia,East Asia & Pacific,281190067
IMN,Isle of Man,Europe & Central Asia,84165
IND,India,South Asia,1438069596
IRL,Ireland,Europe & Central Asia,5311538
IRN,"Iran, Islamic Rep.","Middle East, North Africa, Afghanistan & Pakistan",90608707
IRQ,Iraq,"Middle East, North Africa, Afghanistan & Pakistan",45074049
ISL,Iceland,Europe & Central Asia,385663
ISR,Israel,"Middle East, North Africa, Afghanistan & Pakistan",9849000
ITA,Italy,Europe & Central Asia,58984216
JAM,Jamaica,Latin America & Caribbean,2839786
JOR,Jordan,"Middle East, North Africa, Afghanistan & Pakistan",11439213
JPN,Japan,East Asia & Pacific,124516650
KAZ,Kazakhstan,Europe & Central Asia,20330104
KEN,Kenya,Sub-Saharan Africa,55339003
KGZ,Kyrgyz Republic,Europe & Central Asia,7099750
KHM,Cambodia,East Asia & Pacific,17423880
KIR,Kiribati,East Asia & Pacific,132530
KNA,St. Kitts and Nevis,Latin America & Caribbean,46758
KOR,"Korea, Rep.",East Asia & Pacific,51712619
KWT,Kuwait,"Middle East, North Africa, Afghanistan & Pakistan",4853420
LAO,Lao PDR,East Asia & Pacific,7664993
LBN,Lebanon,"Middle East, North Africa, Afghanistan & Pakistan",5773493
LBR,Liberia,Sub-Saharan Africa,5493031
LBY,Libya,"Middle East, North Africa, Afghanistan & Pakistan",7305659
LCA,St. Lucia,Latin America & Caribbean,179285
LIE,Liechtenstein,Europe & Central Asia,39846
LKA,Sri Lanka,South Asia,22037000
LSO,Lesotho,Sub-Saharan Africa,2311472
LTU,Lithuania,Europe & Central Asia,2871585
LUX,Luxembourg,Europe & Central Asia,666430
LVA,Latvia,Europe & Central Asia,1883710
MAC,"Macao SAR, China",East Asia & Pacific,678800
MAF,St. Martin (French part),Latin America & Caribbean,27515
MAR,Morocco,"Middle East, North Africa, Afghanistan & Pakistan",37712505
MCO,Monaco,Europe & Central Asia,38956
MDA,Moldova,Europe & Central Asia,2457783
MDG,Madagascar,Sub-Saharan Africa,31195932
MDV,Maldives,South Asia,525994
MEX,Mexico,Latin America & Caribbean,129739759
MHL,Marshall Islands,East Asia & Pacific,38827
MKD,North Macedonia,Europe & Central Asia,1827816
MLI,Mali,Sub-Saharan Africa,23769127
MLT,Malta,"Middle East, North Africa, Afghanistan & Pakistan",552747
MMR,Myanmar,East Asia & Pacific,54133798
MNE,Montenegro,Europe & Central Asia,623529
MNG,Mongolia,East Asia & Pacific,3481145
MNP,Northern Mariana Islands,East Asia & Pacific,45143
MOZ,Mozambique,Sub-Saharan Africa,33635160
MRT,Mauritania,Sub-Saharan Africa,5022441
MUS,Mauritius,Sub-Saharan Africa,1248647
MWI,Malawi,Sub-Saharan Africa,21104482
MYS,Malaysia,East Asia & Pacific,35126298
NAM,Namibia,Sub-Saharan Africa,2963095
NCL,New Caledonia,East Asia & Pacific,289870
NER,Niger,Sub-Saharan Africa,26159867
NGA,Nigeria,Sub-Saharan Africa,227882945
NIC,Nicaragua,Latin America & Caribbean,6823613
NLD,Netherlands,Europe & Central Asia,17877117
NOR,Norway,Europe & Central Asia,5519601
NPL,Nepal,South Asia,29694614
NRU,Naoero,East Asia & Pacific,11875
NZL,New Zealand,East Asia & Pacific,5200000
OMN,Oman,"Middle East, North Africa, Afghanistan & Pakistan",5049269
PAK,Pakistan,"Middle East, North Africa, Afghanistan & Pakistan",247504495
PAN,Panama,Latin America & Caribbean,4458759
PER,Peru,Latin America & Caribbean,33845617
PHL,Philippines,East Asia & Pacific,114891199
PLW,Palau,East Asia & Pacific,17727
PNG,Papua New Guinea,East Asia & Pacific,10389635
POL,Poland,Europe & Central Asia,36687353
PRI,Puerto Rico (US),Latin America & Caribbean,3203794
PRK,"Korea, Dem. People's Rep.",East Asia & Pacific,26418204
PRT,Portugal,Europe & Central Asia,10578174
PRY,Paraguay,Latin America & Caribbean,6844146
PSE,West Bank and Gaza,"Middle East, North Africa, Afghanistan & Pakistan",5165775
PYF,French Polynesia,East Asia & Pacific,281118
QAT,Qatar,"Middle East, North Africa, Afghanistan & Pakistan",2656032
ROU,Romania,Europe & Central Asia,19061062
RUS,Russian Federation,Europe & Central Asia,143826130
RWA,Rwanda,Sub-Saharan Africa,13954471
SAU,Saudi Arabia,"Middle East, North Africa, Afghanistan & Pakistan",33702731
SDN,Sudan,Sub-Saharan Africa,50042791
SEN,Senegal,Sub-Saharan Africa,18077573
SGP,Singapore,East Asia & Pacific,5917648
SLB,Solomon Islands,East Asia & Pacific,800005
SLE,Sierra Leone,Sub-Saharan Africa,8460512
SLV,El Salvador,Latin America & Caribbean,6309624
SMR,San Marino,Europe & Central Asia,33860
SOM,"Somalia, Fed. Rep.",Sub-Saharan Africa,18358615
SRB,Serbia,Europe & Central Asia,6623183
SSD,South Sudan,Sub-Saharan Africa,11483374
STP,Sao Tome and Principe,Sub-Saharan Africa,230871
SUR,Suriname,Latin America & Caribbean,628886
SVK,Slovak Republic,Europe & Central Asia,5426740
SVN,Slovenia,Europe & Central Asia,2120461
SWE,Sweden,Europe & Central Asia,10536632
SWZ,Eswatini,Sub-Saharan Africa,1230506
SXM,Sint Maarten (Dutch part),Latin America & Caribbean,42749
SYC,Seychelles,Sub-Saharan Africa,119773
SYR,Syrian Arab Republic,"Middle East, North Africa, Afghanistan & Pakistan",23594623
TCA,Turks and Caicos Islands,Latin America & Caribbean,46198
TCD,Chad,Sub-Saharan Africa,19319064
TGO,Togo,Sub-Saharan Africa,8223850
THA,Thailand,East Asia & Pacific,71702435
TJK,Tajikistan,Europe & Central Asia,10389799
TKM,Turkmenistan,Europe & Central Asia,7364438
TLS,Timor-Leste,East Asia & Pacific,1384286
TON,Tonga,East Asia & Pacific,104597
TTO,Trinidad and Tobago,Latin America & Caribbean,1367510
TUN,Tunisia,"Middle East, North Africa, Afghanistan & Pakistan",12200431
TUR,Turkiye,Europe & Central Asia,85325965
TUV,Tuvalu,East Asia & Pacific,9816
TZA,Tanzania,Sub-Saharan Africa,66617606
UGA,Uganda,Sub-Saharan Africa,48656601
UKR,Ukraine,Europe & Central Asia,37732836
URY,Uruguay,Latin America & Caribbean,3388081
USA,United States,North America,336755052
UZB,Uzbekistan,Europe & Central Asia,35652307
VCT,St. Vincent and the Grenadines,Latin America & Caribbean,101323
VEN,"Venezuela, RB",Latin America & Caribbean,28300854
VGB,British Virgin Islands,Latin America & Caribbean,38985
VIR,Virgin Islands (U.S.),Latin America & Caribbean,104917
VNM,Viet Nam,East Asia & Pacific,100352192
VUT,Vanuatu,East Asia & Pacific,320409
WSM,Samoa,East Asia & Pacific,216663
XKX,Kosovo,Europe & Central Asia,1682668
YEM,"Yemen, Rep.","Middle East, North Africa, Afghanistan & Pakistan",39390799
ZAF,South Africa,Sub-Saharan Africa,63212384
ZMB,Zambia,Sub-Saharan Africa,20723965
ZWE,Zimbabwe,Sub-Saharan Africa,16340822
